"ID","Title","description","streetaddress","city","amenityfeatures","type","unclearaddress","uncleartype","Year","notes","dateadded","lastmodified","full.address","lon","lat","geoAddress","status"
1,"Hotel Sanadora","(Natives) (Some L)","15 mi. S. of San Juan","Aguas Buenas","(D),(WE),(L)","Bars/Clubs",NA,NA,1980,NA,"4/27/2020 5:37pm","4/27/2020 6:58pm","15 mi. S. of San Juan, Aguas Buenas, ","-66.1029442","18.2568989","aguas buenas, puerto rico","Geocoded"
4,"El Cid","","43 Calle Luna","Ponce","(M)","Bars/Clubs",NA,NA,1980,NA,"4/27/2020 5:39pm","4/27/2020 6:59pm","43 Calle Luna, Ponce, ","-66.6151379","18.0102754","43 calle luna, ponce, 00730, puerto rico","Geocoded"
6,"Abbey","(Some L) (Disco) (Upstairs $3 minimum)","251 Calle Cruz at Calle Fortaleza","San Juan","(D),(*),(YC),(L)","Bars/Clubs",NA,NA,1980,NA,"4/27/2020 6:12pm","4/27/2020 6:59pm","251 Calle Cruz at Calle Fortaleza, San Juan, ","-66.1160016","18.4647393","251 calle de la cruz, san juan, 00901, puerto rico","Geocoded"
7,"Arcos Blancos Guest House","","10 Carrion Ct.","Condado","(*)","Bars/Clubs",NA,NA,1980,NA,"4/27/2020 6:14pm","4/27/2020 6:59pm","10 Carrion Ct., Condado, ","-66.0592925","18.4535765","10 calle carrion ct, san juan, 00911, puerto rico","Geocoded"
8,"Atlantic Beach Hotel","(Beach bar & rooftop disco)","1 Calle Vendig","San Juan","(*)","Bars/Clubs",NA,NA,1980,NA,"4/27/2020 6:14pm","4/27/2020 6:59pm","1 Calle Vendig, San Juan, ","-66.0723525","18.4571237","1 cll vendig, san juan, 00907, puerto rico","Geocoded"
9,"Bachelor Club","","112 Avenida Condado","Condado","(D),(*)","Bars/Clubs",NA,NA,1980,NA,"4/27/2020 6:14pm","4/27/2020 6:59pm","112 Avenida Condado, Condado, ","-66.0731888","18.4541588","112 condado ave, san juan, 00907, puerto rico","Geocoded"
10,"Blow Hole","('Wild back room' - best late)","51 Ave. Barranquitas","San Juan","(*)","Bars/Clubs",NA,NA,1980,NA,"4/27/2020 6:15pm","4/27/2020 6:59pm","51 Ave. Barranquitas, San Juan, ","-66.0763798","18.4585475","51 cll barranquitas, san juan, 00907, puerto rico","Geocoded"
13,"Condad Guest House","","6 Condado Ave.","Condado","(H)","Hotels",NA,NA,1980,NA,"4/27/2020 6:21pm","4/27/2020 6:59pm","6 Condado Ave., Condado, ","-66.0714191","18.4567496","6 condado ave, san juan, 00907, puerto rico","Geocoded"
15,"El Canario Guest House","","1317 Ashford Ave.","Condado","","Bars/Clubs",NA,NA,1980,NA,"4/27/2020 6:22pm","4/27/2020 6:59pm","1317 Ashford Ave., Condado, ","-66.0694683","18.4554951","1317 ashford ave, san juan, 00907, puerto rico","Geocoded"
16,"Hotel Lindomar","","4 Condado Ave.","Condado","(M),(H),(OC)","Hotels",NA,NA,1980,NA,"4/27/2020 6:22pm","4/27/2020 6:59pm","4 Condado Ave., Condado, ","-66.0713763","18.4567631","4 condado ave, san juan, 00907, puerto rico","Geocoded"
17,"La Bahia Guest House","","320 Calle Sol","San Juan","(M),(H),(*)","Hotels",NA,NA,1980,NA,"4/27/2020 6:23pm","4/27/2020 6:59pm","320 Calle Sol, San Juan, ","-66.1136764","18.4672888","320 calle sol, san juan, 00901, puerto rico","Geocoded"
18,"La Vista Guest House","(also rooftop bar & R)","151 Calle Tetuan","San Juan","(R),(H),(*)","Hotels,Bars/Clubs,Restaurant",NA,NA,1980,NA,"4/27/2020 6:23pm","4/27/2020 6:59pm","151 Calle Tetuan, San Juan, ","-66.116707","18.4641136","151 calle de tetuan, san juan, 00901, puerto rico","Geocoded"
19,"Lion of St. Mark's Baths","(Above Lion's Den)","205 Calle Luna","San Juan","","Baths",NA,NA,1980,NA,"4/27/2020 6:24pm","4/27/2020 6:59pm","205 Calle Luna, San Juan, ","-66.115856","18.4663664","205 calle de la luna, san juan, 00901, puerto rico","Geocoded"
20,"Lion's Den","($3 min. - nude go go boys - 'Flicks') (adj. Lion's Disco)","205 Calle Luna","San Juan","(YC),(D)","Bars/Clubs",NA,NA,1980,NA,"4/27/2020 6:25pm","4/27/2020 6:59pm","205 Calle Luna, San Juan, ","-66.115856","18.4663664","205 calle de la luna, san juan, 00901, puerto rico","Geocoded"
21,"Little Club ","(Closes 3 am) ","607 Ponce de Leon Ave.","Miramar","(OC)","Bars/Clubs",NA,NA,1980,NA,"4/27/2020 6:25pm","4/27/2020 6:59pm","607 Ponce de Leon Ave., Miramar, ","-66.0855432","18.4571143","607 av. juan ponce de león, san juan, 00907, puerto rico","Geocoded"
22,"Lutece Guest House","","1 Atlantic Pl. off McLeary ","Condado","(*)","Bars/Clubs",NA,NA,1980,NA,"4/27/2020 6:28pm","4/27/2020 6:59pm","1 Atlantic Pl. off McLeary , Condado, ","-66.0578831","18.4540659","1 calle atlantic pl, san juan, 00911, puerto rico","Geocoded"
23,"Main Street","(E in back room) (Opens 12 noon)","257 Calle San Jose betw. Tetuan & Fortaleza","San Juan","(E),(*),(OC)","Bars/Clubs",NA,NA,1980,NA,"4/27/2020 6:28pm","4/27/2020 6:59pm","257 Calle San Jose betw. Tetuan & Fortaleza, San Juan, ","-66.1057355","18.4655394","san juan, puerto rico","Geocoded"
24,"Maria's","(Mexican R) (Bar & patio)","204 Calle Cristo","San Juan","(M),(R)","Restaurant",NA,NA,1980,NA,"4/27/2020 6:30pm","4/27/2020 6:59pm","204 Calle Cristo, San Juan, ","-66.1179593","18.4648842","204 calle del cristo, san juan, 00901, puerto rico","Geocoded"
25,"Michael's Thing Cabaret","","1020 Ashford Ave.","Condado","(E),(*)","Bars/Clubs",NA,NA,1980,NA,"4/27/2020 6:32pm","4/27/2020 6:59pm","1020 Ashford Ave., Condado, ","-66.0768569","18.4585693","1020 ashford ave, san juan, 00907, puerto rico","Geocoded"
26,"Penthouse Club","($3. adm.) (Some locals - FFA 'flicks')","1019 Ashford Ave.","Condado","(*),(D),(FFA)","Bars/Clubs",NA,NA,1980,NA,"4/27/2020 6:33pm","4/27/2020 6:59pm","1019 Ashford Ave., Condado, ","-66.0794032","18.4605432","1019 ashford ave, san juan, 00907, puerto rico","Geocoded"
27,"Ray's Bar","(Some B, RT) (Disco)","161 Calle San Jose","San Juan","(D),(RT),(B)","Bars/Clubs",NA,NA,1980,NA,"4/27/2020 6:52pm","4/27/2020 6:59pm","161 Calle San Jose, San Juan, ","-66.1170763","18.4654846","161 calle san josé, san juan, 00901, puerto rico","Geocoded"
28,"Sam's Patio","(Open 'til 1 am)","102 Calle San Sebastian","San Juan","(M),(*),(R),(E)","Bars/Clubs,Restaurant",NA,NA,1980,NA,"4/27/2020 6:53pm","4/27/2020 6:59pm","102 Calle San Sebastian, San Juan, ","-66.1181682","18.4671463","102 calle san sebastián, san juan, 00901, puerto rico","Geocoded"
29,"San Francisco Inn","(Bar - Some SM)","263 Calle San Francisco","San Juan","(*),(H),(R),(SM)","Restaurant,Hotels",NA,NA,1980,NA,"4/27/2020 6:54pm","4/27/2020 6:59pm","263 Calle San Francisco, San Juan, ","-66.1146751","18.4660618","263 c. de san francisco, san juan, 00901, puerto rico","Geocoded"
31,"Small World","(Opens 11 am - best at cocktail hour)","250 Calle San Jose","San Juan","(E)","Bars/Clubs",NA,NA,1980,NA,"4/27/2020 6:55pm","4/27/2020 6:59pm","250 Calle San Jose, San Juan, ","-66.1170468","18.4643413","250 calle san josé, san juan, 00901, puerto rico","Geocoded"
32,"Terrace","(above Condado Guest House)","6 Condado Ave.","San Juan","(R),(*)","Restaurant",NA,NA,1980,NA,"4/27/2020 6:55pm","4/27/2020 6:59pm","6 Condado Ave., San Juan, ","-66.0714191","18.4567496","6 condado ave, san juan, 00907, puerto rico","Geocoded"
33,"Y.M.C.A.","","905 Ponce de Leon","San Juan","(M),(H)","Hotels",NA,NA,1980,NA,"4/27/2020 6:56pm","4/27/2020 6:59pm","905 Ponce de Leon, San Juan, ","-66.0801215","18.4545643","905 av. juan ponce de león, san juan, 00907, puerto rico","Geocoded"
40,"Hotel Sanadora","(Some G) (Natives)","15 mi. S. of San Juan","Aguas Buenas","(D),(G),(WE)","Bars/Clubs",NA,NA,1979,NA,"4/27/2020 6:59pm","4/27/2020 8:03pm","15 mi. S. of San Juan, Aguas Buenas, ","-66.1029442","18.2568989","aguas buenas, puerto rico","Geocoded"
43,"El Cid","","43 Calle Luna","Ponce","(M)","Bars/Clubs",NA,NA,1979,NA,"4/27/2020 7:00pm","4/27/2020 8:03pm","43 Calle Luna, Ponce, ","-66.6151379","18.0102754","43 calle luna, ponce, 00730, puerto rico","Geocoded"
45,"Abbey","(Some G) (Disco) (Upstairs - $3 minimum)","251 Calle Cruz at Calle Fortaleza","San Juan","(YC),(G),(D),(*)","Bars/Clubs",NA,NA,1979,NA,"4/27/2020 7:01pm","4/27/2020 8:03pm","251 Calle Cruz at Calle Fortaleza, San Juan, ","-66.1160016","18.4647393","251 calle de la cruz, san juan, 00901, puerto rico","Geocoded"
46,"Arcos Blancos Guest House","","10 Carrion Ct.","Condado","(*)","Bars/Clubs",NA,NA,1979,NA,"4/27/2020 7:02pm","4/27/2020 8:03pm","10 Carrion Ct., Condado, ","-66.0592925","18.4535765","10 calle carrion ct, san juan, 00911, puerto rico","Geocoded"
47,"Bachelor Club","","112 Avenida Condado","Condado","(D),(*)","Bars/Clubs",NA,NA,1979,NA,"4/27/2020 7:02pm","4/27/2020 8:03pm","112 Avenida Condado, Condado, ","-66.0731888","18.4541588","112 condado ave, san juan, 00907, puerto rico","Geocoded"
50,"Condado Guest House","","6 Condado Ave.","Condado","(H)","Hotels",NA,NA,1979,NA,"4/27/2020 7:03pm","4/27/2020 8:03pm","6 Condado Ave., Condado, ","-66.0714191","18.4567496","6 condado ave, san juan, 00907, puerto rico","Geocoded"
52,"Hotel Lindomar","","4 Condado Ave.","Condado","(M),(H),(OC)","Hotels,Bars/Clubs",NA,NA,1979,NA,"4/27/2020 7:04pm","4/27/2020 8:03pm","4 Condado Ave., Condado, ","-66.0713763","18.4567631","4 condado ave, san juan, 00907, puerto rico","Geocoded"
53,"La Bahia Guest House","","320 Calle Sol","San Juan","(M),(H),(*)","Hotels",NA,NA,1979,NA,"4/27/2020 7:04pm","4/27/2020 8:03pm","320 Calle Sol, San Juan, ","-66.1136764","18.4672888","320 calle sol, san juan, 00901, puerto rico","Geocoded"
54,"La Vista Guest House","(also rooftop bar & R)","151 Calle Tetuan","San Juan","(H),(*),(R)","Hotels,Restaurant",NA,NA,1979,NA,"4/27/2020 7:05pm","4/27/2020 8:03pm","151 Calle Tetuan, San Juan, ","-66.116707","18.4641136","151 calle de tetuan, san juan, 00901, puerto rico","Geocoded"
55,"Lion of St. Mark's Baths","(Above Lion's Den)","205 Calle Luna","San Juan","","Baths",NA,NA,1979,NA,"4/27/2020 7:06pm","4/27/2020 8:03pm","205 Calle Luna, San Juan, ","-66.115856","18.4663664","205 calle de la luna, san juan, 00901, puerto rico","Geocoded"
56,"Lion's Den ","($3. min. - nude go go boys - 'flicks') (adj. Lion's Disco)","205 Calle Luna","San Juan","(YC),(D)","Bars/Clubs",NA,NA,1979,NA,"4/27/2020 7:06pm","4/27/2020 8:03pm","205 Calle Luna, San Juan, ","-66.115856","18.4663664","205 calle de la luna, san juan, 00901, puerto rico","Geocoded"
57,"Little Club","(Closes 3 a.m.)","607 Ponce de Leon Ave.","Miramar","(OC)","Bars/Clubs",NA,NA,1979,NA,"4/27/2020 7:07pm","4/27/2020 8:03pm","607 Ponce de Leon Ave., Miramar, ","-66.0855432","18.4571143","607 av. juan ponce de león, san juan, 00907, puerto rico","Geocoded"
58,"Lutece Guest House","","1 Atlantic Pl. off McLeary ","Condado","(*)","Bars/Clubs",NA,NA,1979,NA,"4/27/2020 7:07pm","4/27/2020 8:03pm","1 Atlantic Pl. off McLeary , Condado, ","-66.0578831","18.4540659","1 calle atlantic pl, san juan, 00911, puerto rico","Geocoded"
59,"Main Street Bar","(E in back room) (Opens 12 noon)","257 Calle San Jose betw. Tetuan & Fortaleza","San Juan","(E),(*),(OC)","Bars/Clubs",NA,NA,1979,NA,"4/27/2020 7:08pm","4/27/2020 8:03pm","257 Calle San Jose betw. Tetuan & Fortaleza, San Juan, ","-66.1057355","18.4655394","san juan, puerto rico","Geocoded"
60,"Maria's ","(Mexican R) (Bar & Patio)","204 Calle Cristo","San Juan","(M),(R)","Restaurant",NA,NA,1979,NA,"4/27/2020 7:09pm","4/27/2020 8:03pm","204 Calle Cristo, San Juan, ","-66.1179593","18.4648842","204 calle del cristo, san juan, 00901, puerto rico","Geocoded"
61,"Penthouse Club","($3. adm.) (Some locals - FFA 'flicks')","1019 Ashford Ave.","Condado","(*),(D),(FFA)","Bars/Clubs",NA,NA,1979,NA,"4/27/2020 7:09pm","4/27/2020 8:03pm","1019 Ashford Ave., Condado, ","-66.0794032","18.4605432","1019 ashford ave, san juan, 00907, puerto rico","Geocoded"
62,"Ray's Bar","(Some B, RT) (Disco)","161 Calle San Jose","San Juan","(B),(RT),(D)","Bars/Clubs",NA,NA,1979,NA,"4/27/2020 7:11pm","4/27/2020 8:03pm","161 Calle San Jose, San Juan, ","-66.1170763","18.4654846","161 calle san josé, san juan, 00901, puerto rico","Geocoded"
63,"Sam's Patio","(Open 'til 1 a.m.)","102 Calle San Sebastian","San Juan","(M),(R),(E),(*)","Restaurant",NA,NA,1979,NA,"4/27/2020 7:11pm","4/27/2020 8:03pm","102 Calle San Sebastian, San Juan, ","-66.1181682","18.4671463","102 calle san sebastián, san juan, 00901, puerto rico","Geocoded"
64,"San Francisco Inn","(Bar - Some SM)","263 Calle San Francisco","San Juan","(H),(R),(*),(SM)","Restaurant,Hotels",NA,NA,1979,NA,"4/27/2020 7:12pm","4/27/2020 8:03pm","263 Calle San Francisco, San Juan, ","-66.1146751","18.4660618","263 c. de san francisco, san juan, 00901, puerto rico","Geocoded"
65,"Small World","(Opens 11 a.m. - best at cocktail hour)","250 Calle San Jose","San Juan","(E)","Bars/Clubs",NA,NA,1979,NA,"4/27/2020 7:12pm","4/27/2020 8:03pm","250 Calle San Jose, San Juan, ","-66.1170468","18.4643413","250 calle san josé, san juan, 00901, puerto rico","Geocoded"
66,"Ten Twenty Club","(Opens 3 p.m.) (Some W, SM, levis)","1020 A Ashford Ave.","Condado","(W),(*),(SM)","Bars/Clubs",NA,NA,1979,NA,"4/27/2020 7:13pm","4/27/2020 8:03pm","1020 A Ashford Ave., Condado, ","-66.0768569","18.4585693","1020 ashford ave, san juan, 00907, puerto rico","Geocoded"
67,"Tommy's","(Disco) (Nude go go boys, 'flicks' & wild back room)","254 Calle San Justo nr. Fortaleza","San Juan","(D),(*)","Bars/Clubs",NA,NA,1979,NA,"4/27/2020 7:59pm","4/27/2020 8:03pm","254 Calle San Justo nr. Fortaleza, San Juan, ","-66.1155889","18.4661692","152 calle san justo, san juan, 00901, puerto rico","Geocoded"
75,"Y.M.C.A.","","905 Ponce de Leon","San Juan","(M),(H)","Hotels",NA,NA,1978,NA,"4/27/2020 8:07pm","4/27/2020 8:09pm","905 Ponce de Leon, San Juan, ","-66.0801215","18.4545643","905 av. juan ponce de león, san juan, 00907, puerto rico","Geocoded"
81,"Hotel Senadora ","(Some G) (Locally popular WE)","15 mi. S. of San Juan","Aguas Buenas","(D),(G)","Bars/Clubs",NA,NA,1977,NA,"4/27/2020 8:23pm","4/27/2020 11:33pm","15 mi. S. of San Juan, Aguas Buenas, ","-66.1029442","18.2568989","aguas buenas, puerto rico","Geocoded"
85,"El Cid Club","","43 Calle Luna","Ponce","(M)","Bars/Clubs",NA,NA,1977,NA,"4/27/2020 8:24pm","4/27/2020 11:33pm","43 Calle Luna, Ponce, ","-66.6151379","18.0102754","43 calle luna, ponce, 00730, puerto rico","Geocoded"
88,"Abbey","(Some G) (Disco) (Upstairs $3.00 minimum) ","251 Calle Cruz nr. Calle Fortaleza","San Juan","(YC),(G),(D),(*)","Bars/Clubs",NA,NA,1977,NA,"4/27/2020 8:25pm","4/27/2020 11:33pm","251 Calle Cruz nr. Calle Fortaleza, San Juan, ","-66.1160016","18.4647393","251 calle de la cruz, san juan, 00901, puerto rico","Geocoded"
89,"Amanda's ","(Bar & patio)","204 Calle Cristo","San Juan","(M),(R)","Restaurant",NA,NA,1977,NA,"4/27/2020 8:25pm","4/27/2020 11:33pm","204 Calle Cristo, San Juan, ","-66.1179593","18.4648842","204 calle del cristo, san juan, 00901, puerto rico","Geocoded"
90,"Arcos Blancos Guest House","","10 Carrion Court","Condado","(M),(H)","Hotels",NA,NA,1977,NA,"4/27/2020 9:08pm","4/27/2020 11:33pm","10 Carrion Court, Condado, ","-66.0592925","18.4535765","10 calle carrion ct, san juan, 00911, puerto rico","Geocoded"
91,"Bachelor Club","(Looks promising)","112 Avenida Condado","Condado","(D)","Bars/Clubs",NA,NA,1977,NA,"4/27/2020 9:08pm","4/27/2020 11:33pm","112 Avenida Condado, Condado, ","-66.0731888","18.4541588","112 condado ave, san juan, 00907, puerto rico","Geocoded"
93,"Cabaret","","253 Calle San Jose","San Juan","(S)","Bars/Clubs",NA,NA,1977,NA,"4/27/2020 9:09pm","4/27/2020 11:33pm","253 Calle San Jose, San Juan, ","-66.1168755","18.4642625","253 calle san josé, san juan, 00925, puerto rico","Geocoded"
95,"Club Caleta Guest House","","3 Elena St. nr. Condado","Condado","(H),(*)","Hotels",NA,NA,1977,NA,"4/27/2020 9:10pm","4/27/2020 11:33pm","3 Elena St. nr. Condado, Condado, ","-66.0558816","18.4544127","3 calle elena, san juan, 00911, puerto rico","Geocoded"
96,"Condado Guest House","","6 Condado Ave.","Condado","(H)","Hotels",NA,NA,1977,NA,"4/27/2020 9:10pm","4/27/2020 11:33pm","6 Condado Ave., Condado, ","-66.0714191","18.4567496","6 condado ave, san juan, 00907, puerto rico","Geocoded"
98,"Dona Sue's","","101 Calle Tetuan ","San Juan","(M),(RT),(AYOR)","Bars/Clubs",NA,NA,1977,NA,"4/27/2020 9:10pm","4/27/2020 11:33pm","101 Calle Tetuan , San Juan, ","-66.1174348","18.4639499","101 calle de tetuan, san juan, 00901, puerto rico","Geocoded"
99,"El Mar Guest House","(Rooftop bar) ","1 Calle Clemenceau","Condado","(H)","Hotels",NA,NA,1977,NA,"4/27/2020 9:11pm","4/27/2020 11:33pm","1 Calle Clemenceau, Condado, ","-66.0753342","18.4568079","cll clemenceau, san juan, 00907, puerto rico","Geocoded"
97,"El Morro Guest House","","103 Calle San Sebastian","San Juan","(H)","Hotels",NA,NA,1977,NA,"4/27/2020 9:10pm","4/27/2020 11:33pm","103 Calle San Sebastian, San Juan, ","-66.1178651","18.4672741","103 calle san sebastián, san juan, 00901, puerto rico","Geocoded"
101," Finocchio's ","(Rooftop bar R above La Vista Guest House)","151 Calle Tetuan nr. San Jose","San Juan","(R)","Restaurant",NA,NA,1977,NA,"4/27/2020 9:12pm","4/27/2020 11:33pm","151 Calle Tetuan nr. San Jose, San Juan, ","-66.1170393","18.4640813","107 calle tetuan esq, calle san josé, san juan, 00901, puerto rico","Geocoded"
102,"Hotel Lindomar","","4 Condado Ave.","Condado","(M),(H),(OC)","Hotels",NA,NA,1977,NA,"4/27/2020 9:13pm","4/27/2020 11:33pm","4 Condado Ave., Condado, ","-66.0713763","18.4567631","4 condado ave, san juan, 00907, puerto rico","Geocoded"
103,"La Bahia Guest House","","320 Calle Sol","San Juan","(H),(AYOR)","Hotels",NA,NA,1977,NA,"4/27/2020 9:13pm","4/27/2020 11:33pm","320 Calle Sol, San Juan, ","-66.1136764","18.4672888","320 calle sol, san juan, 00901, puerto rico","Geocoded"
104,"La Buena Mesa","","365 Calle Tetuan","San Juan","(M),(R)","Restaurant",NA,NA,1977,NA,"4/27/2020 9:14pm","4/27/2020 11:33pm","365 Calle Tetuan, San Juan, ","-66.1123986","18.4653944","365 calle de tetuan, san juan, 00901, puerto rico","Geocoded"
105,"La Vista Guest House","(see also Finocchio's)","151 Calle Tetuan","San Juan","(H),(*)","Hotels",NA,NA,1977,NA,"4/27/2020 9:15pm","4/27/2020 11:33pm","151 Calle Tetuan, San Juan, ","-66.116707","18.4641136","151 calle de tetuan, san juan, 00901, puerto rico","Geocoded"
106,"Lion of St. Mark's Discobath","(opens 8 p.m., above Rialto Theatre)","152 Calle Tanca","San Juan","","Baths",NA,NA,1977,NA,"4/27/2020 9:15pm","4/27/2020 11:33pm","152 Calle Tanca, San Juan, ","-66.1142629","18.4662027","152 ca. tanca, san juan, 00901, puerto rico","Geocoded"
107,"Lion's Den","($3.00 minimum - nude go-go boys - ""flicks"" and ""wild"" back room)","205 Calle Luna betw. La Cruz & San Cristo","San Juan","","Bars/Clubs",NA,NA,1977,NA,"4/27/2020 9:16pm","4/27/2020 11:33pm","205 Calle Luna betw. La Cruz & San Cristo, San Juan, ",NA,NA,"NA","Geocoded"
108,"Little Club","(closes 3 a.m.)","607 Ponce de Leon Avenue ","Miramar","","Bars/Clubs",NA,NA,1977,NA,"4/27/2020 9:17pm","4/27/2020 11:33pm","607 Ponce de Leon Avenue , Miramar, ","-66.0855432","18.4571143","607 av. juan ponce de león, san juan, 00907, puerto rico","Geocoded"
111,"Main Street Bar","E in back room - opens 12 noon)","257 Calle San Jose betw. Tetuan & Fortaleza","San Juan","(OC),(*),(E)","Bars/Clubs",NA,NA,1977,NA,"4/27/2020 9:18pm","4/27/2020 11:33pm","257 Calle San Jose betw. Tetuan & Fortaleza, San Juan, ","-66.1057355","18.4655394","san juan, puerto rico","Geocoded"
113,"Old San Juan Apartments","","149-A Calle San Justo (P.O. Box 2144)","San Juan","(H)","Hotels",NA,NA,1977,NA,"4/27/2020 9:19pm","4/27/2020 11:33pm","149-A Calle San Justo (P.O. Box 2144), San Juan, ","-66.1155957","18.4663814","149 calle san justo, san juan, 00901, puerto rico","Geocoded"
114,"Oscar","(Natives) ","1708 Calle San Mateo nr. Ponce de Leon & San Jorge","Santurce","(RT),(*),(D)","Bars/Clubs",NA,NA,1977,NA,"4/27/2020 11:26pm","4/27/2020 11:33pm","1708 Calle San Mateo nr. Ponce de Leon & San Jorge, Santurce, ","-66.0625024","18.4437961","1708 calle san mateo, san juan, 00912, puerto rico","Geocoded"
116,"Plaza Patio","(Opens 12 noon)","409 Calle San Francisco","San Juan","(M),(OC),(R),(RT)","Restaurant",NA,NA,1977,NA,"4/27/2020 11:27pm","4/27/2020 11:33pm","409 Calle San Francisco, San Juan, ","-66.1120179","18.4665551","409 c. de san francisco, san juan, 00901, puerto rico","Geocoded"
117,"Ray's Bar","(Some B) (Disco)","161 Calle San Jose","San Juan","(B),(RT)","Bars/Clubs",NA,NA,1977,NA,"4/27/2020 11:27pm","4/27/2020 11:33pm","161 Calle San Jose, San Juan, ","-66.1170763","18.4654846","161 calle san josé, san juan, 00901, puerto rico","Geocoded"
118,"Rosemary's By The Sea","","1125 Seaview St.","Condado","(H)","Hotels",NA,NA,1977,NA,"4/27/2020 11:27pm","4/27/2020 11:33pm","1125 Seaview St., Condado, ","-66.0729104","18.4572154","1125 cll seaview, san juan, 00907, puerto rico","Geocoded"
119,"Sam's Patio (Patio de Sam)","(Open until 1 a.m.)","102 Calle San Francisco","San Juan","(E),(M),(R),(*)","Restaurant",NA,NA,1977,NA,"4/27/2020 11:28pm","4/27/2020 11:33pm","102 Calle San Francisco, San Juan, ","-66.117466","18.4651636","102 c. de san francisco, san juan, 00901, puerto rico","Geocoded"
120,"San Francisco Inn","(also bar from 5 p.m.)","263 Calle San Francisco","San Juan","(H),(R),(*)","Hotels,Restaurant",NA,NA,1977,NA,"4/27/2020 11:28pm","4/27/2020 11:33pm","263 Calle San Francisco, San Juan, ","-66.1146751","18.4660618","263 c. de san francisco, san juan, 00901, puerto rico","Geocoded"
121,"Small World","(Opens 11 a.m. - best during cocktail hour)","250 Calle San Jose nr. Fortaleza","San Juan","(E)","Bars/Clubs",NA,NA,1977,NA,"4/27/2020 11:29pm","4/27/2020 11:33pm","250 Calle San Jose nr. Fortaleza, San Juan, ","-66.1192296","18.4641061","63 c. de la fortaleza, san juan, 00901, puerto rico","Geocoded"
122,"Stop 204 ","(also P small guest house above)","204 Calle Cristo","San Juan","(P)","Bars/Clubs",NA,NA,1977,NA,"4/27/2020 11:29pm","4/27/2020 11:33pm","204 Calle Cristo, San Juan, ","-66.1179593","18.4648842","204 calle del cristo, san juan, 00901, puerto rico","Geocoded"
123,"Ten Twenty Club","(Opens 3 p.m.) ","1020 A Ashford Avenue ","Condado","(*),(E)","Bars/Clubs",NA,NA,1977,NA,"4/27/2020 11:30pm","4/27/2020 11:33pm","1020 A Ashford Avenue , Condado, ","-66.0768569","18.4585693","1020 ashford ave, san juan, 00907, puerto rico","Geocoded"
124,"Tommy's","(Disco) (Nude go-go boys, 'flicks', and ""wild"" back room)","254 San Justo between Fortaleza & Tetuan","San Juan","(D),(*)","Bars/Clubs",NA,NA,1977,NA,"4/27/2020 11:30pm","4/27/2020 11:33pm","254 San Justo between Fortaleza & Tetuan, San Juan, ","-38.5269947","-3.7327177","fortaleza - zone 1, fortaleza - state of ceará, brazil","Geocoded"
125,"Top of the Aquarium ","(upstairs) (natives)","255 Calle San Justo","San Juan","(G),(YC),(D),(*)","Bars/Clubs",NA,NA,1977,NA,"4/27/2020 11:31pm","4/27/2020 11:33pm","255 Calle San Justo, San Juan, ","-66.1151063","18.4647194","255 calle san justo, san juan, 00901, puerto rico","Geocoded"
126,"Y.M.C.A.","","905 Ponce de Leon","San Juan","(M),(H)","Hotels",NA,NA,1977,NA,"4/27/2020 11:32pm","4/27/2020 11:33pm","905 Ponce de Leon, San Juan, ","-66.0801215","18.4545643","905 av. juan ponce de león, san juan, 00907, puerto rico","Geocoded"
132,"Hotel Senadora","(Some G) (Locally popular WE)","15 Mi. S. of San Juan","Aguas Buenas","(D),(G),(WE)","Bars/Clubs",NA,NA,1976,NA,"4/27/2020 11:33pm","4/27/2020 11:34pm","15 Mi. S. of San Juan, Aguas Buenas, ","-66.1029442","18.2568989","aguas buenas, puerto rico","Geocoded"
133,"Arturo's Limon Guest House","(if you dig native 'teenie boppers' - this is the place - P.O. Box 428 - Tel: 832-7002)","105 Limon Rd.","Mayaguez","(H)","Hotels",NA,NA,1976,NA,"4/27/2020 11:34pm","4/28/2020 12:02am","105 Limon Rd., Mayaguez, ","-67.1408927","18.201412","pr-105, puerto rico","Geocoded"
137,"El Cid Club","","43 Calle Luna","Ponce","(M)","Bars/Clubs",NA,NA,1976,NA,"4/27/2020 11:37pm","4/28/2020 12:02am","43 Calle Luna, Ponce, ","-66.6151379","18.0102754","43 calle luna, ponce, 00730, puerto rico","Geocoded"
140,"Abbey","(Some G) (Disco) (upstairs - $3.00 min.)","251 Calle Cruz nr. Calle Fortaleza","San Juan","(G),(YC),(D),(*)","Bars/Clubs",NA,NA,1976,NA,"4/27/2020 11:37pm","4/28/2020 12:02am","251 Calle Cruz nr. Calle Fortaleza, San Juan, ","-66.1160016","18.4647393","251 calle de la cruz, san juan, 00901, puerto rico","Geocoded"
141,"Arcos Blancos Guest House","","10 Carrion Ct. ","Condado","(M),(H)","Hotels",NA,NA,1976,NA,"4/27/2020 11:38pm","4/28/2020 12:02am","10 Carrion Ct. , Condado, ","-66.0592925","18.4535765","10 calle carrion ct, san juan, 00911, puerto rico","Geocoded"
143,"Cabaret","","253 Calle San Jose","San Juan","(S)","Bars/Clubs",NA,NA,1976,NA,"4/27/2020 11:39pm","4/28/2020 12:02am","253 Calle San Jose, San Juan, ","-66.1168755","18.4642625","253 calle san josé, san juan, 00925, puerto rico","Geocoded"
144,"Club Caleta Guest House","(nr. Condado)","3 Elena St.","Condado","(H),(*)","Hotels",NA,NA,1976,NA,"4/27/2020 11:40pm","4/28/2020 12:02am","3 Elena St., Condado, ","-66.0716319","18.4560735","condado, san juan, puerto rico","Geocoded"
145,"Dick's ","(Disco) ($3.00) (Locally known as 'Dirty Dick's' - should be called 'Big Dicks' if you consider the go-go boys who 'perform' on stage behind the back bar - also flicks & wild back room - upstairs)","254 Calle San Justo betw. Fortaleza & Tetuan","San Juan","(D),(*)","Bars/Clubs",NA,NA,1976,NA,"4/27/2020 11:40pm","4/28/2020 12:02am","254 Calle San Justo betw. Fortaleza & Tetuan, San Juan, ","-3.7093035","40.4140287","calle de san justo, 28005 madrid, spain","Geocoded"
146,"Dona Sue's","","101 Calle Tetuan","San Juan","(M),(RT),(AYOR)","Bars/Clubs",NA,NA,1976,NA,"4/27/2020 11:42pm","4/28/2020 12:02am","101 Calle Tetuan, San Juan, ","-66.1174348","18.4639499","101 calle de tetuan, san juan, 00901, puerto rico","Geocoded"
147,"Don's Upstairs ","(looks promising - upstairs - opp. Hyatt La Concha Hotel)","1102 Ashford Ave. ","Condado","(OC),(E)","Bars/Clubs",NA,NA,1976,NA,"4/27/2020 11:42pm","4/28/2020 12:02am","1102 Ashford Ave. , Condado, ","-66.0742949","18.4568083","1102 ashford ave, san juan, 00907, puerto rico","Geocoded"
149,"El Mar Guest House & Rooftop bar ","","1 Calle Clemenceau ","Condado","(H)","Hotels",NA,NA,1976,NA,"4/27/2020 11:43pm","4/28/2020 12:02am","1 Calle Clemenceau , Condado, ","-66.0753342","18.4568079","cll clemenceau, san juan, 00907, puerto rico","Geocoded"
150,"El Morro Guest House","","103 Calle San Sebastian","San Juan","(H)","Hotels",NA,NA,1976,NA,"4/27/2020 11:44pm","4/28/2020 12:02am","103 Calle San Sebastian, San Juan, ","-66.1178651","18.4672741","103 calle san sebastián, san juan, 00901, puerto rico","Geocoded"
152,"El TIki","","204 Calle Luna ","San Juan","(R),(*)","Restaurant",NA,NA,1976,NA,"4/27/2020 11:45pm","4/28/2020 12:02am","204 Calle Luna , San Juan, ","-66.1159372","18.4662047","204 calle de la luna, toa baja, san juan 00949, puerto rico","Geocoded"
153,"Finocchio's","(Rooftop bar & R above La Vista Guest House)","151 Calle Tetuan nr. San Jose","San Juan","(R)","Restaurant",NA,NA,1976,NA,"4/27/2020 11:46pm","4/28/2020 12:02am","151 Calle Tetuan nr. San Jose, San Juan, ","-66.1170393","18.4640813","107 calle tetuan esq, calle san josé, san juan, 00901, puerto rico","Geocoded"
154,"Hotel Lindomar","","4 Condado Av. ","Condado","(M),(H),(OC)","Hotels",NA,NA,1976,NA,"4/27/2020 11:47pm","4/28/2020 12:02am","4 Condado Av. , Condado, ","-66.0713763","18.4567631","4 condado ave, san juan, 00907, puerto rico","Geocoded"
155,"Jeanie's Little Club","(military)","607 Ponce de Leon Ave.","Miramar","(M),(RT)","Bars/Clubs",NA,NA,1976,NA,"4/27/2020 11:47pm","4/28/2020 12:02am","607 Ponce de Leon Ave., Miramar, ","-66.0855432","18.4571143","607 av. juan ponce de león, san juan, 00907, puerto rico","Geocoded"
156,"La Bahia Guest House","","320 Calle Sol.","San Juan","(H),(AYOR)","Hotels",NA,NA,1976,NA,"4/27/2020 11:48pm","4/28/2020 12:02am","320 Calle Sol., San Juan, ","-66.1136764","18.4672888","320 calle sol, san juan, 00901, puerto rico","Geocoded"
157,"La Buena Mesa","","365 Calle Tetuan","San Juan","(M),(R)","Restaurant",NA,NA,1976,NA,"4/27/2020 11:48pm","4/28/2020 12:02am","365 Calle Tetuan, San Juan, ","-66.1123986","18.4653944","365 calle de tetuan, san juan, 00901, puerto rico","Geocoded"
158,"La Vista Guest House","(see also Finocchio's)","151 Calle Tetuan ","San Juan","(H),(*)","Hotels",NA,NA,1976,NA,"4/27/2020 11:48pm","4/28/2020 12:02am","151 Calle Tetuan , San Juan, ","-66.116707","18.4641136","151 calle de tetuan, san juan, 00901, puerto rico","Geocoded"
159,"Lion of St. Mark's Discobath","(opens 8 pm - above Rialto Theatre)","152 Calle Tanca","San Juan","","Baths",NA,NA,1976,NA,"4/27/2020 11:49pm","4/28/2020 12:02am","152 Calle Tanca, San Juan, ","-66.1142629","18.4662027","152 ca. tanca, san juan, 00901, puerto rico","Geocoded"
160,"Lion's Den","($3.00 min. - nude go-go boys - 'flicks' & wild back room)","205 Calle Luna betw. La Cruz & San Cristo","San Juan","","Bars/Clubs",NA,NA,1976,NA,"4/27/2020 11:49pm","4/28/2020 12:02am","205 Calle Luna betw. La Cruz & San Cristo, San Juan, ",NA,NA,"NA","Geocoded"
162,"Little Penthouse","(upstairs FFA 'flicks' - $3.00 min - 'tops' in Condado - some natives)","1019 Ashford Ave.","Condado","(D),(*),(FFA)","Bars/Clubs",NA,NA,1976,NA,"4/27/2020 11:50pm","4/28/2020 12:02am","1019 Ashford Ave., Condado, ","-66.0794032","18.4605432","1019 ashford ave, san juan, 00907, puerto rico","Geocoded"
163,"Main Street Bar","(E in back room - opens 12 noon)","257 Calle San Jose betw. Tetuan & Fortaleza","San Juan","(OC),(*),(E)","Bars/Clubs",NA,NA,1976,NA,"4/27/2020 11:51pm","4/28/2020 12:02am","257 Calle San Jose betw. Tetuan & Fortaleza, San Juan, ","-66.1057355","18.4655394","san juan, puerto rico","Geocoded"
164,"Manny's","","109 Calle San Sebastian","San Juan","(M),(R)","Restaurant",NA,NA,1976,NA,"4/27/2020 11:52pm","4/28/2020 12:02am","109 Calle San Sebastian, San Juan, ","-66.1176249","18.4672999","109 calle san sebastián, san juan, 00901, puerto rico","Geocoded"
165,"Old San Juan Apts. ","(P.O. Box 2144)","149 A Calle San Justo ","San Juan","(H)","Hotels",NA,NA,1976,NA,"4/27/2020 11:52pm","4/28/2020 12:02am","149 A Calle San Justo , San Juan, ","-66.1155957","18.4663814","149 calle san justo, san juan, 00901, puerto rico","Geocoded"
166,"Oscar","(Natives) ","1708 Calle San Mateo nr. Ponce de Leon & San Jorge ","Santurce","(RT),(D),(*)","Bars/Clubs",NA,NA,1976,NA,"4/27/2020 11:53pm","4/28/2020 12:02am","1708 Calle San Mateo nr. Ponce de Leon & San Jorge , Santurce, ","-66.0625024","18.4437961","1708 calle san mateo, san juan, 00912, puerto rico","Geocoded"
168,"Plaza Patio ","(opens 12 noon)","409 Calle San Francisco","San Juan","(M),(R),(OC),(RT)","Restaurant",NA,NA,1976,NA,"4/27/2020 11:54pm","4/28/2020 12:02am","409 Calle San Francisco, San Juan, ","-66.1120179","18.4665551","409 c. de san francisco, san juan, 00901, puerto rico","Geocoded"
169,"Ray's Bar ","(Some B)","161 Calle San Jose","San Juan","(B),(RT)","Bars/Clubs",NA,NA,1976,NA,"4/27/2020 11:54pm","4/28/2020 12:02am","161 Calle San Jose, San Juan, ","-66.1170763","18.4654846","161 calle san josé, san juan, 00901, puerto rico","Geocoded"
170,"Rosemary's By The Sea","","1125 Seaview St.","Condado","(H)","Hotels",NA,NA,1976,NA,"4/27/2020 11:55pm","4/28/2020 12:02am","1125 Seaview St., Condado, ","-66.0729104","18.4572154","1125 cll seaview, san juan, 00907, puerto rico","Geocoded"
171,"Sam's Patio (El Patio de Sam)","(open until 1 am)","102 Calle San Sebastian","San Juan","(M),(R),(*)","Restaurant",NA,NA,1976,NA,"4/27/2020 11:55pm","4/28/2020 12:02am","102 Calle San Sebastian, San Juan, ","-66.1181682","18.4671463","102 calle san sebastián, san juan, 00901, puerto rico","Geocoded"
172,"San Francisco Inn","(also bar from 5 pm)","263 Calle San Francisco","San Juan","(H),(R),(*)","Restaurant,Hotels",NA,NA,1976,NA,"4/27/2020 11:56pm","4/28/2020 12:02am","263 Calle San Francisco, San Juan, ","-66.1146751","18.4660618","263 c. de san francisco, san juan, 00901, puerto rico","Geocoded"
173,"Small World ","(opens 11 am - best during cocktail hour)","250 Calle San Jose nr. Fortaleza","San Juan","(E)","Bars/Clubs",NA,NA,1976,NA,"4/27/2020 11:57pm","4/28/2020 12:02am","250 Calle San Jose nr. Fortaleza, San Juan, ","-66.1192296","18.4641061","63 c. de la fortaleza, san juan, 00901, puerto rico","Geocoded"
174,"Stop 204 ","(also P small guest house above)","204 Calle Cristo","San Juan","(P)","Bars/Clubs",NA,NA,1976,NA,"4/27/2020 11:57pm","4/28/2020 12:02am","204 Calle Cristo, San Juan, ","-66.1179593","18.4648842","204 calle del cristo, san juan, 00901, puerto rico","Geocoded"
175,"Ten Twenty Club","(opens 3 pm)","1020 Ashford ","Condado","(E),(*)","Bars/Clubs",NA,NA,1976,NA,"4/27/2020 11:58pm","4/28/2020 12:02am","1020 Ashford , Condado, ","-66.0768569","18.4585693","1020 ashford ave, san juan, 00907, puerto rico","Geocoded"
176,"The Jeffrey James Guest House","(small P, H - nice guys)","3 Calle Vendig next to Da Vinci Hotel ","Condado","(P),(H),(*)","Hotels",NA,NA,1976,NA,"4/27/2020 11:58pm","4/28/2020 12:02am","3 Calle Vendig next to Da Vinci Hotel , Condado, ","-66.072815","18.456545","san juan, 00907, puerto rico","Geocoded"
177,"Top of Aquarium ","(Natives) (upstairs)","225 Calle San Justo","Condado","(G),(YC),(D),(*)","Bars/Clubs",NA,NA,1976,NA,"4/27/2020 11:59pm","4/28/2020 12:02am","225 Calle San Justo, Condado, ","-66.1152182","18.4651979","225 calle san justo, san juan, 00901, puerto rico","Geocoded"
178,"Y.M.C.A.","","905 Ponce de Leon","San Juan","(M),(H)","Hotels",NA,NA,1976,NA,"4/27/2020 11:59pm","4/28/2020 12:02am","905 Ponce de Leon, San Juan, ","-66.0801215","18.4545643","905 av. juan ponce de león, san juan, 00907, puerto rico","Geocoded"
185,"Hotel Senadora","(Some G) (Locally popular weekends)","15 Mi. S. of San Juan","Aguas Buenas","(D),(S),(G)","Bars/Clubs",NA,NA,1975,NA,"4/28/2020 12:03am","4/28/2020 12:22am","15 Mi. S. of San Juan, Aguas Buenas, ","-66.1029442","18.2568989","aguas buenas, puerto rico","Geocoded"
186,"Arturo's Furnished Cottages","(Mgmt. provides native entertainment for guests. P.O. Box 428 Tel: 832-7002)","105 Limon Rd.","Mayaguez","(H)","Hotels",NA,NA,1975,NA,"4/28/2020 12:04am","4/28/2020 12:22am","105 Limon Rd., Mayaguez, ","-67.1408927","18.201412","pr-105, puerto rico","Geocoded"
188,"Abbey ","(Disco) (Still number 1!)","251 Calle Cruz","San Juan","(YC),(D),(*)","Bars/Clubs",NA,NA,1975,NA,"4/28/2020 12:06am","4/28/2020 12:22am","251 Calle Cruz, San Juan, ","-66.1160016","18.4647393","251 calle de la cruz, san juan, 00901, puerto rico","Geocoded"
189,"Arcos Blancos Guest House","","10 Carrion Court ","Condado","(M),(H)","Hotels",NA,NA,1975,NA,"4/28/2020 12:07am","4/28/2020 12:22am","10 Carrion Court , Condado, ","-66.0592925","18.4535765","10 calle carrion ct, san juan, 00911, puerto rico","Geocoded"
190,"Cabaret","","253 Calle San Jose","San Juan","(S)","Bars/Clubs",NA,NA,1975,NA,"4/28/2020 12:07am","4/28/2020 12:22am","253 Calle San Jose, San Juan, ","-66.1168755","18.4642625","253 calle san josé, san juan, 00925, puerto rico","Geocoded"
191,"Club Caleta Guest House","","3 Elena St. near Condado","Condado","(H),(*)","Hotels",NA,NA,1975,NA,"4/28/2020 12:07am","4/28/2020 12:22am","3 Elena St. near Condado, Condado, ","-66.0558816","18.4544127","3 calle elena, san juan, 00911, puerto rico","Geocoded"
192,"El Comedor Under the Trees","","1476 Ashford","Condado","(M),(R)","Restaurant",NA,NA,1975,NA,"4/28/2020 12:08am","4/28/2020 12:22am","1476 Ashford, Condado, ","-66.0635805","18.4543259","1476 ashford ave, san juan, 00907, puerto rico","Geocoded"
193,"El Doral Guest House","","159 Del Parque","Condado","(H)","Hotels",NA,NA,1975,NA,"4/28/2020 12:08am","4/28/2020 12:22am","159 Del Parque, Condado, ",NA,NA,"NA","Geocoded"
194,"Ellos","(back room) (disco)","254 San Justo","San Juan","(YC),(D),(*)","Bars/Clubs",NA,NA,1975,NA,"4/28/2020 12:08am","4/28/2020 12:22am","254 San Justo, San Juan, ","-66.115272","18.464752","254 calle san justo, san juan, 00901, puerto rico","Geocoded"
195,"El Mar Guest House","(Recent reports are not good, especially regarding cleanliness)","1 Calle Clemenceau","Condado","(H)","Hotels",NA,NA,1975,NA,"4/28/2020 12:09am","4/28/2020 12:22am","1 Calle Clemenceau, Condado, ","-66.0753342","18.4568079","cll clemenceau, san juan, 00907, puerto rico","Geocoded"
197,"El TIki","","204 Calle Luna","San Juan","(R),(*)","Restaurant",NA,NA,1975,NA,"4/28/2020 12:10am","4/28/2020 12:22am","204 Calle Luna, San Juan, ","-66.1159372","18.4662047","204 calle de la luna, toa baja, san juan 00949, puerto rico","Geocoded"
199,"La Gondola Italian","","305 Recinto Sur ","San Juan","(R),(M)","Restaurant",NA,NA,1975,NA,"4/28/2020 12:10am","4/28/2020 12:22am","305 Recinto Sur , San Juan, ","-66.1137781","18.46449","305 calle recinto sur, san juan, 00901, puerto rico","Geocoded"
200,"Lion of St. Marks Baths","(Opens 8 p.m. recently remodeled)","152 Calle Tanca","San Juan","","Baths",NA,NA,1975,NA,"4/28/2020 12:11am","4/28/2020 12:22am","152 Calle Tanca, San Juan, ","-66.1142629","18.4662027","152 ca. tanca, san juan, 00901, puerto rico","Geocoded"
201,"Lion's Den","(Nude flicks & wild back room - go go boys)","205 Calle Luna","San Juan","(S),(YC),(*)","Bars/Clubs",NA,NA,1975,NA,"4/28/2020 12:11am","4/28/2020 12:22am","205 Calle Luna, San Juan, ","-66.115856","18.4663664","205 calle de la luna, san juan, 00901, puerto rico","Geocoded"
204,"Little Penthouse","","1019 Ashford Ave.","Condado","(D),(S)","Bars/Clubs",NA,NA,1975,NA,"4/28/2020 12:12am","4/28/2020 12:22am","1019 Ashford Ave., Condado, ","-66.0794032","18.4605432","1019 ashford ave, san juan, 00907, puerto rico","Geocoded"
205,"Madrid Guest House","(Rooftop bar & Lounge)","112 San Jorge","Condado","(H),(RT)","Hotels",NA,NA,1975,NA,"4/28/2020 12:13am","4/28/2020 12:22am","112 San Jorge, Condado, ","-66.0618816","18.4509452","112 calle san jorge, san juan, 00911, puerto rico","Geocoded"
206,"Main St. Bar","(Flicks) (Opens 12 noon)","253 Calle San Jose","San Juan","(*)","Bars/Clubs",NA,NA,1975,NA,"4/28/2020 12:13am","4/28/2020 12:22am","253 Calle San Jose, San Juan, ","-66.1168755","18.4642625","253 calle san josé, san juan, 00925, puerto rico","Geocoded"
207,"Manny's","","109 Calle San Sebastian","San Juan","(M),(R)","Restaurant",NA,NA,1975,NA,"4/28/2020 12:14am","4/28/2020 12:22am","109 Calle San Sebastian, San Juan, ","-66.1176249","18.4672999","109 calle san sebastián, san juan, 00901, puerto rico","Geocoded"
208,"Page Two","(Natives) (Flicks)","Calle Forteleza & Calle Tanca","San Juan","(YC),(D),(*)","Bars/Clubs",NA,NA,1975,NA,"4/28/2020 12:14am","4/28/2020 12:22am","Calle Forteleza & Calle Tanca, San Juan, ","-66.1152742","18.4650796","c. de la fortaleza, san juan, 00901, puerto rico","Geocoded"
209,"Plaza Patio Bar & Restaurant ","(Opens 12 noon)","409 Calle San Francisco","San Juan","","Restaurant,Bars/Clubs",NA,NA,1975,NA,"4/28/2020 12:14am","4/28/2020 12:22am","409 Calle San Francisco, San Juan, ","-66.1120179","18.4665551","409 c. de san francisco, san juan, 00901, puerto rico","Geocoded"
211,"Ray's Bar ","","161 Calle San Jose","San Juan","","Bars/Clubs",NA,NA,1975,NA,"4/28/2020 12:15am","4/28/2020 12:22am","161 Calle San Jose, San Juan, ","-66.1170763","18.4654846","161 calle san josé, san juan, 00901, puerto rico","Geocoded"
212,"Rudy's on the Beach","(Unfriendly mgmt.) Atlantic Beach Hotel ","1 Vendig St.","Condado","(M)","Bars/Clubs",NA,NA,1975,NA,"4/28/2020 12:15am","4/28/2020 12:22am","1 Vendig St., Condado, ","-66.0723525","18.4571237","1 cll vendig, san juan, 00907, puerto rico","Geocoded"
213,"Sam's Patio","(Open 'till 1 a.m.)","102 Calle San Sebastian","San Juan","(M),(R),(*)","Restaurant",NA,NA,1975,NA,"4/28/2020 12:16am","4/28/2020 12:22am","102 Calle San Sebastian, San Juan, ","-66.1181682","18.4671463","102 calle san sebastián, san juan, 00901, puerto rico","Geocoded"
214,"San Francisco Inn","(also bar opening at 5 p.m.)","263 Calle San Francisco","San Juan","(H),(*)","Hotels",NA,NA,1975,NA,"4/28/2020 12:17am","4/28/2020 12:22am","263 Calle San Francisco, San Juan, ","-66.1146751","18.4660618","263 c. de san francisco, san juan, 00901, puerto rico","Geocoded"
210,"Small World ","(Opens 11 a.m. - also small deli adj.)","250 Calle San Jose ","San Juan","(*)","Bars/Clubs",NA,NA,1975,NA,"4/28/2020 12:15am","4/28/2020 12:22am","250 Calle San Jose , San Juan, ","-66.1170468","18.4643413","250 calle san josé, san juan, 00901, puerto rico","Geocoded"
215,"Ten Twenty Club","(Opens 3 p.m.)","1020 Ashford ","Condado","(S),(*)","Bars/Clubs",NA,NA,1975,NA,"4/28/2020 12:18am","4/28/2020 12:22am","1020 Ashford , Condado, ","-66.0768569","18.4585693","1020 ashford ave, san juan, 00907, puerto rico","Geocoded"
216,"The Jeffrey James","","3 Calle Vendig ","Condado","(P),(H),(*)","Hotels",NA,NA,1975,NA,"4/28/2020 12:18am","4/28/2020 12:22am","3 Calle Vendig , Condado, ","-66.072492","18.4569965","cll vendig, san juan, 00907, puerto rico","Geocoded"
218,"Top of the Aquarium","(Natives)","255 Calle San Justo","San Juan","(YC),(D),(G)","Bars/Clubs",NA,NA,1975,NA,"4/28/2020 12:19am","7/23/2020 11:42am","255 Calle San Justo, San Juan, ","-66.1151063","18.4647194","255 calle san justo, san juan, 00901, puerto rico","Geocoded"
225,"Pinball Gallery","","264 Calle San Francisco","San Juan","Cruisy Area","Cruising Areas",NA,NA,1975,NA,"4/28/2020 12:21am","4/28/2020 12:22am","264 Calle San Francisco, San Juan, ","-66.114497","18.465945","264 c. de san francisco, san juan, 00901, puerto rico","Geocoded"
228,"Hotel Senadora","(Some G) (locally popular weekends)","15 mi. S. of San Juan","Aguas Buenas","(G),(S),(D)","Bars/Clubs",NA,NA,1974,NA,"4/28/2020 12:22am","4/28/2020 12:38am","15 mi. S. of San Juan, Aguas Buenas, ","-66.1029442","18.2568989","aguas buenas, puerto rico","Geocoded"
229,"Arturo's Furnished Cottages ","(Mgmt. provides native entertainment for guests. P.O. Bo 428, tel: 832-7002)","105 Limon Rd.","Mayaguez","(H)","Hotels",NA,NA,1974,NA,"4/28/2020 12:23am","4/28/2020 12:38am","105 Limon Rd., Mayaguez, ","-67.1408927","18.201412","pr-105, puerto rico","Geocoded"
231,"Abbey","(Disco)","251 Calle Cruz","San Juan","(D),(YC),(*)","Bars/Clubs",NA,NA,1974,NA,"4/28/2020 12:24am","4/28/2020 12:38am","251 Calle Cruz, San Juan, ","-66.1160016","18.4647393","251 calle de la cruz, san juan, 00901, puerto rico","Geocoded"
232,"Arcos Blancos Guest House","","10 Carrion Court ","Condado","(H)","Hotels",NA,NA,1974,NA,"4/28/2020 12:25am","4/28/2020 12:38am","10 Carrion Court , Condado, ","-66.0592925","18.4535765","10 calle carrion ct, san juan, 00911, puerto rico","Geocoded"
233,"Cabaret","","253 Calle San Jose","San Juan","(S)","Bars/Clubs",NA,NA,1974,NA,"4/28/2020 12:25am","4/28/2020 12:38am","253 Calle San Jose, San Juan, ","-66.1168755","18.4642625","253 calle san josé, san juan, 00925, puerto rico","Geocoded"
234,"Caleta Guest House","","11 Calle Caleta Las Monjas","San Juan","(H)","Hotels",NA,NA,1974,NA,"4/28/2020 12:25am","4/28/2020 12:38am","11 Calle Caleta Las Monjas, San Juan, ","-66.1193145","18.4657037","11 caleta de las monjas, san juan, 00901, puerto rico","Geocoded"
235,"Casa Madrid Guest House","(Rooftop bar & lounge)","112 Calle San Jorge","San Juan","(H)","Hotels",NA,NA,1974,NA,"4/28/2020 12:26am","4/28/2020 12:38am","112 Calle San Jorge, San Juan, ","-66.0618816","18.4509452","112 calle san jorge, san juan, 00911, puerto rico","Geocoded"
236,"Casa Mario Guest House","(El Mirador bar and R on top with good view, but no baths and dirty by American standards) ","255 Calle San Jose","San Juan","(R)","Restaurant",NA,NA,1974,NA,"4/28/2020 12:26am","4/28/2020 12:38am","255 Calle San Jose, San Juan, ","-66.1168532","18.4641832","255 calle san josé, san juan, 00925, puerto rico","Geocoded"
237,"Club Caleta Guest House","","3 Elena St. nr. Condado","Condado","(H),(*)","Hotels",NA,NA,1974,NA,"4/28/2020 12:27am","4/28/2020 12:38am","3 Elena St. nr. Condado, Condado, ","-66.0558816","18.4544127","3 calle elena, san juan, 00911, puerto rico","Geocoded"
238,"Club 551 ","","551 De Diego","Puerto Nuevo","(S)","Bars/Clubs",NA,NA,1974,NA,"4/28/2020 12:27am","4/28/2020 12:38am","551 De Diego, Puerto Nuevo, ","-66.0885493","18.4082563","551 av. josé de diego, san juan, 00920, puerto rico","Geocoded"
239,"Downtown Bar","","255 Calle San Jose","San Juan","","Bars/Clubs",NA,NA,1974,NA,"4/28/2020 12:27am","4/28/2020 12:38am","255 Calle San Jose, San Juan, ","-66.1168532","18.4641832","255 calle san josé, san juan, 00925, puerto rico","Geocoded"
240,"El Doral Guest House","","159 Del Parque","Condado","(H)","Hotels",NA,NA,1974,NA,"4/28/2020 12:28am","4/28/2020 12:38am","159 Del Parque, Condado, ",NA,NA,"NA","Geocoded"
241,"El Mar Guest House","","1 Calle Clemenceau ","Condado","(H)","Hotels",NA,NA,1974,NA,"4/28/2020 12:28am","4/28/2020 12:38am","1 Calle Clemenceau , Condado, ","-66.0753342","18.4568079","cll clemenceau, san juan, 00907, puerto rico","Geocoded"
243,"El Retablo","","206 Calle Luna","San Juan","(RT),(M)","Bars/Clubs",NA,NA,1974,NA,"4/28/2020 12:29am","4/28/2020 12:38am","206 Calle Luna, San Juan, ","-66.1146957","18.4665243","206 calle de la luna, toa baja, san juan 00949, puerto rico","Geocoded"
246,"La Gondola Italian Restaurant ","","305 Recinto Sur","San Juan","(M)","Restaurant",NA,NA,1974,NA,"4/28/2020 12:30am","4/28/2020 12:38am","305 Recinto Sur, San Juan, ","-66.1137781","18.46449","305 calle recinto sur, san juan, 00901, puerto rico","Geocoded"
247,"Lion of St. Marks Baths","(opens 8 pm)","152 Calle Tanca","San Juan","","Baths",NA,NA,1974,NA,"4/28/2020 12:30am","4/28/2020 12:38am","152 Calle Tanca, San Juan, ","-66.1142629","18.4662027","152 ca. tanca, san juan, 00901, puerto rico","Geocoded"
248,"Lion's Den","(nude 'flicks' & go-go boys - wild back room)","205 Calle Luna","San Juan","(D),(S),(*)","Bars/Clubs",NA,NA,1974,NA,"4/28/2020 12:31am","4/28/2020 12:38am","205 Calle Luna, San Juan, ","-66.115856","18.4663664","205 calle de la luna, san juan, 00901, puerto rico","Geocoded"
249,"Little Penthouse Club","","1019 Ashford Ave.","Condado","(D),(S),(*)","Bars/Clubs",NA,NA,1974,NA,"4/28/2020 12:31am","4/28/2020 12:38am","1019 Ashford Ave., Condado, ","-66.0794032","18.4605432","1019 ashford ave, san juan, 00907, puerto rico","Geocoded"
250,"Main Street Bar","(opens 12 noon)","253 Calle San Jose","San Juan","(S),(*)","Bars/Clubs",NA,NA,1974,NA,"4/28/2020 12:31am","4/28/2020 12:38am","253 Calle San Jose, San Juan, ","-66.1168755","18.4642625","253 calle san josé, san juan, 00925, puerto rico","Geocoded"
253,"Plaza Patio Bar & Restaurant ","(opens 12 noon)","409 Calle San Francisco","San Juan","","Bars/Clubs,Restaurant",NA,NA,1974,NA,"4/28/2020 12:32am","4/28/2020 12:38am","409 Calle San Francisco, San Juan, ","-66.1120179","18.4665551","409 c. de san francisco, san juan, 00901, puerto rico","Geocoded"
254,"Ray's Bar","","161 Calle San Jose","San Juan","(RT)","Bars/Clubs",NA,NA,1974,NA,"4/28/2020 12:33am","4/28/2020 12:38am","161 Calle San Jose, San Juan, ","-66.1170763","18.4654846","161 calle san josé, san juan, 00901, puerto rico","Geocoded"
255,"Rudy's on the Beach","","1 Vendig St.","Condado","(M)","Bars/Clubs",NA,NA,1974,NA,"4/28/2020 12:33am","4/28/2020 12:38am","1 Vendig St., Condado, ","-66.0723525","18.4571237","1 cll vendig, san juan, 00907, puerto rico","Geocoded"
256,"Sam's Patio","(open till 1 am)","102 Calle San Sebastian","San Juan","(M),(R),(*)","Restaurant",NA,NA,1974,NA,"4/28/2020 12:33am","4/28/2020 12:38am","102 Calle San Sebastian, San Juan, ","-66.1181682","18.4671463","102 calle san sebastián, san juan, 00901, puerto rico","Geocoded"
257,"San Francisco Inn","(also bar, opening at 5 pm)","263 Calle San Francisco","San Juan","(H),(*)","Hotels",NA,NA,1974,NA,"4/28/2020 12:34am","4/28/2020 12:38am","263 Calle San Francisco, San Juan, ","-66.1146751","18.4660618","263 c. de san francisco, san juan, 00901, puerto rico","Geocoded"
258,"Small World Bar","(opens 11 am) (adj. deli)","250 Calle San Jose","San Juan","(*)","Bars/Clubs",NA,NA,1974,NA,"4/28/2020 12:34am","4/28/2020 12:38am","250 Calle San Jose, San Juan, ","-66.1170468","18.4643413","250 calle san josé, san juan, 00901, puerto rico","Geocoded"
259,"Ten Twenty Club","(opens 3 pm)","1020 Ashford ","Condado","(S)","Bars/Clubs",NA,NA,1974,NA,"4/28/2020 12:34am","4/28/2020 12:38am","1020 Ashford , Condado, ","-66.0768569","18.4585693","1020 ashford ave, san juan, 00907, puerto rico","Geocoded"
260,"Tony's Monkey Business ","(nude 'flicks' & go-go boys)","275 Calle Luna","San Juan","(D),(S)","Bars/Clubs",NA,NA,1974,NA,"4/28/2020 12:35am","4/28/2020 12:38am","275 Calle Luna, San Juan, ","-66.114554","18.4667001","275 calle de la luna, san juan, 00901, puerto rico","Geocoded"
252,"Top of the Aquarium","","255 Calle San Justo","San Juan","(YC),(D),(G)","Bars/Clubs",NA,NA,1974,NA,"4/28/2020 12:32am","4/28/2020 12:38am","255 Calle San Justo, San Juan, ","-66.1151063","18.4647194","255 calle san justo, san juan, 00901, puerto rico","Geocoded"
266,"Pinball Gallery ","","264 Calle San Francisco","San Juan","Cruisy Area","Cruising Areas",NA,NA,1974,NA,"4/28/2020 12:37am","4/28/2020 12:38am","264 Calle San Francisco, San Juan, ","-66.114497","18.465945","264 c. de san francisco, san juan, 00901, puerto rico","Geocoded"
269,"Arturo's Furnished Cottages","(P.O. Box 428, tel: 832-7002)","105 Limon Rd.","Mayaguez","(H)","Hotels",NA,NA,1973,NA,"4/28/2020 12:39am","4/28/2020 2:10am","105 Limon Rd., Mayaguez, ","-67.1408927","18.201412","pr-105, puerto rico","Geocoded"
271,"Abbey","(newst 'in' spot)","251 Calle Cruz","San Juan","(YC),(D),(*)","Bars/Clubs",NA,NA,1973,NA,"4/28/2020 12:40am","4/28/2020 2:11am","251 Calle Cruz, San Juan, ","-66.1160016","18.4647393","251 calle de la cruz, san juan, 00901, puerto rico","Geocoded"
272,"Annex","(go go boys)","151 Calle Tetuan","San Juan","(YC),(D),(*)","Bars/Clubs",NA,NA,1973,NA,"4/28/2020 12:41am","4/28/2020 2:11am","151 Calle Tetuan, San Juan, ","-66.116707","18.4641136","151 calle de tetuan, san juan, 00901, puerto rico","Geocoded"
273,"Arcos Blancos Guest House","","10 Carrion Court","Condado","(H)","Hotels",NA,NA,1973,NA,"4/28/2020 12:41am","4/28/2020 2:11am","10 Carrion Court, Condado, ","-66.0592925","18.4535765","10 calle carrion ct, san juan, 00911, puerto rico","Geocoded"
274,"Caleta Guest House","","11 Calle Caleta Las Monjas","San Juan","(M),(H)","Hotels",NA,NA,1973,NA,"4/28/2020 12:41am","4/28/2020 2:11am","11 Calle Caleta Las Monjas, San Juan, ","-66.1193145","18.4657037","11 caleta de las monjas, san juan, 00901, puerto rico","Geocoded"
275,"Casa Mario Guest House","","255 Calle San Jose","San Juan","(H)","Hotels",NA,NA,1973,NA,"4/28/2020 12:42am","4/28/2020 2:11am","255 Calle San Jose, San Juan, ","-66.1168532","18.4641832","255 calle san josé, san juan, 00925, puerto rico","Geocoded"
276,"Casa Madrid Guest House","(Rooftop bar & lounge)","112 Calle San Jorge ","Condado","(H)","Hotels",NA,NA,1973,NA,"4/28/2020 12:42am","4/28/2020 2:11am","112 Calle San Jorge , Condado, ","-66.0618816","18.4509452","112 calle san jorge, san juan, 00911, puerto rico","Geocoded"
277,"Chickie's Next Door","($2.00 cover)","253 Calle San Jose","San Juan","(D),(S)","Bars/Clubs",NA,NA,1973,NA,"4/28/2020 12:43am","4/28/2020 2:11am","253 Calle San Jose, San Juan, ","-66.1168755","18.4642625","253 calle san josé, san juan, 00925, puerto rico","Geocoded"
278,"Club 551","","551 De Diego","Puerto Nuevo","","Bars/Clubs",NA,NA,1973,NA,"4/28/2020 12:43am","4/28/2020 2:11am","551 De Diego, Puerto Nuevo, ","-66.0885493","18.4082563","551 av. josé de diego, san juan, 00920, puerto rico","Geocoded"
279,"Downtown Bar","","255 Calle San Jose","San Juan","(R)","Restaurant",NA,NA,1973,NA,"4/28/2020 2:02am","4/28/2020 2:11am","255 Calle San Jose, San Juan, ","-66.1168532","18.4641832","255 calle san josé, san juan, 00925, puerto rico","Geocoded"
280,"El Doral Guest House","","159 Del Parque","San Juan","(H)","Hotels",NA,NA,1973,NA,"4/28/2020 2:02am","4/28/2020 2:11am","159 Del Parque, San Juan, ","-66.0630857","18.4501686","159 calle del parque, san juan, 00911, puerto rico","Geocoded"
281,"El Mar Guest House","","1 Calle Ciemenceau","Condado","(H)","Hotels",NA,NA,1973,NA,"4/28/2020 2:02am","4/28/2020 2:11am","1 Calle Ciemenceau, Condado, ","-66.0753342","18.4568079","cll clemenceau, san juan, 00907, puerto rico","Geocoded"
282,"El Mirador Bar","(top of Casa Mario - open for breakfast)","255 Calle San Jose","San Juan","","Bars/Clubs",NA,NA,1973,NA,"4/28/2020 2:03am","4/28/2020 2:11am","255 Calle San Jose, San Juan, ","-66.1168532","18.4641832","255 calle san josé, san juan, 00925, puerto rico","Geocoded"
283,"Finale","","58 Calle San Jose","San Juan","(D),(*)","Bars/Clubs",NA,NA,1973,NA,"4/28/2020 2:03am","4/28/2020 2:11am","58 Calle San Jose, San Juan, ","-66.117541","18.4668239","58 calle san josé, san juan, 00901, puerto rico","Geocoded"
285,"Lion of St. Mark Baths","","152 Calle Tanco","San Juan","","Baths",NA,NA,1973,NA,"4/28/2020 2:04am","4/28/2020 2:11am","152 Calle Tanco, San Juan, ","-66.1142629","18.4662027","152 ca. tanca, san juan, 00901, puerto rico","Geocoded"
286,"Lion's Den","(Nude 'flicks' & go go boys)","205 Calle Luna","San Juan","(YC),(D),(*)","Bars/Clubs",NA,NA,1973,NA,"4/28/2020 2:04am","4/28/2020 2:11am","205 Calle Luna, San Juan, ","-66.115856","18.4663664","205 calle de la luna, san juan, 00901, puerto rico","Geocoded"
287,"Little Penthouse Club","(Opens 12 noon)","1019 Ashford Ave.","Condado","(P),(D),(*)","Bars/Clubs",NA,NA,1973,NA,"4/28/2020 2:04am","4/28/2020 2:11am","1019 Ashford Ave., Condado, ","-66.0794032","18.4605432","1019 ashford ave, san juan, 00907, puerto rico","Geocoded"
289,"Main St. Bar","(Opens 12 noon)","253 Calle San Jose","San Juan","(S),(*)","Bars/Clubs",NA,NA,1973,NA,"4/28/2020 2:04am","4/28/2020 2:11am","253 Calle San Jose, San Juan, ","-66.1168755","18.4642625","253 calle san josé, san juan, 00925, puerto rico","Geocoded"
288,"Napoleon Club","","112 Calle Condado ","Condado","(P),(D),(PE)","Bars/Clubs",NA,NA,1973,NA,"4/28/2020 2:04am","4/28/2020 2:11am","112 Calle Condado , Condado, ","-66.0731888","18.4541588","112 condado ave, san juan, 00907, puerto rico","Geocoded"
291,"Ole del Duende ","","206 Calle Luna","San Juan","(RT)","Bars/Clubs",NA,NA,1973,NA,"4/28/2020 2:06am","4/28/2020 2:11am","206 Calle Luna, San Juan, ","-66.1146957","18.4665243","206 calle de la luna, toa baja, san juan 00949, puerto rico","Geocoded"
292,"Plaza Patio Bar","(Opens 12 noon)","409 Calle San Francisco","San Juan","(R)","Restaurant",NA,NA,1973,NA,"4/28/2020 2:06am","4/28/2020 2:11am","409 Calle San Francisco, San Juan, ","-66.1120179","18.4665551","409 c. de san francisco, san juan, 00901, puerto rico","Geocoded"
294,"Salvation Bar","","150 Calle Cruz","San Juan","(D)","Bars/Clubs",NA,NA,1973,NA,"4/28/2020 2:07am","4/28/2020 2:11am","150 Calle Cruz, San Juan, ","-66.1164699","18.4658718","150 calle de la cruz, san juan, 00901, puerto rico","Geocoded"
295,"Sam's Patio","(late evenings)","102 Calle San Sebastian","San Juan","(*),(M),(R)","Restaurant",NA,NA,1973,NA,"4/28/2020 2:07am","4/28/2020 2:11am","102 Calle San Sebastian, San Juan, ","-66.1181682","18.4671463","102 calle san sebastián, san juan, 00901, puerto rico","Geocoded"
296,"San Francisco Inn","","263 Calle San Francisco","San Juan","(H),(*)","Hotels",NA,NA,1973,NA,"4/28/2020 2:07am","4/28/2020 2:11am","263 Calle San Francisco, San Juan, ","-66.1146751","18.4660618","263 c. de san francisco, san juan, 00901, puerto rico","Geocoded"
297,"Si Como No","","263 Calle San Francisco","San Juan","(D),(S)","Bars/Clubs",NA,NA,1973,NA,"4/28/2020 2:08am","4/28/2020 2:11am","263 Calle San Francisco, San Juan, ","-66.1146751","18.4660618","263 c. de san francisco, san juan, 00901, puerto rico","Geocoded"
298,"Small World ","(Opens 11 a.m.)","250 Calle San Jose","San Juan","(M)","Bars/Clubs",NA,NA,1973,NA,"4/28/2020 2:08am","4/28/2020 2:11am","250 Calle San Jose, San Juan, ","-66.1170468","18.4643413","250 calle san josé, san juan, 00901, puerto rico","Geocoded"
299,"Ten Twenty Club","(Opens 3 p.m.)","1020 Ashford Ave.","Condado","(S),(*)","Bars/Clubs",NA,NA,1973,NA,"4/28/2020 2:08am","4/28/2020 2:11am","1020 Ashford Ave., Condado, ","-66.0768569","18.4585693","1020 ashford ave, san juan, 00907, puerto rico","Geocoded"
308,"Annex","","151 Tetuan","San Juan","(YC),(D),(*)","Bars/Clubs",NA,NA,1972,NA,"4/28/2020 2:12am","4/28/2020 2:21am","151 Tetuan, San Juan, ","-66.116707","18.4641136","151 calle de tetuan, san juan, 00901, puerto rico","Geocoded"
309,"Big Spender","","104 Calle San Jose","San Juan","(S)","Bars/Clubs",NA,NA,1972,NA,"4/28/2020 2:12am","4/28/2020 2:21am","104 Calle San Jose, San Juan, ","-66.1174097","18.4664543","104 calle san josé, san juan, 00901, puerto rico","Geocoded"
310,"Blanche's Place","","107 Calle San Sebastian","San Juan","(M)","Bars/Clubs",NA,NA,1972,NA,"4/28/2020 2:13am","4/28/2020 2:21am","107 Calle San Sebastian, San Juan, ","-66.1176732","18.4673139","107 calle san sebastián, san juan, 00901, puerto rico","Geocoded"
312,"Downtown","","255 Calle San Jose","San Juan","","Bars/Clubs",NA,NA,1972,NA,"4/28/2020 2:13am","4/28/2020 2:21am","255 Calle San Jose, San Juan, ","-66.1168532","18.4641832","255 calle san josé, san juan, 00925, puerto rico","Geocoded"
313,"Finale","","58 Calle San Jose","San Juan","(D),(*)","Bars/Clubs",NA,NA,1972,NA,"4/28/2020 2:14am","4/28/2020 2:21am","58 Calle San Jose, San Juan, ","-66.117541","18.4668239","58 calle san josé, san juan, 00901, puerto rico","Geocoded"
316,"Lion's Head","(best after 2 am)","105 Calle Luna","San Juan","(YC),(D),(*)","Bars/Clubs",NA,NA,1972,NA,"4/28/2020 2:14am","4/28/2020 2:21am","105 Calle Luna, San Juan, ","-66.1177852","18.4661019","105 calle de la luna, san juan, 00901, puerto rico","Geocoded"
317,"Madrid Guest House","(rooftop bar & lounge) ","112 Calle San Jorge","Condado","(H),(*)","Hotels",NA,NA,1972,NA,"4/28/2020 2:15am","4/28/2020 2:21am","112 Calle San Jorge, Condado, ","-66.0618816","18.4509452","112 calle san jorge, san juan, 00911, puerto rico","Geocoded"
319,"Mary's Bar & Deli","","275 Calle Sol","San Juan","","Bars/Clubs",NA,NA,1972,NA,"4/28/2020 2:15am","4/28/2020 2:21am","275 Calle Sol, San Juan, ","-66.1147908","18.4672817","275 calle sol, san juan, 00901, puerto rico","Geocoded"
324,"Plaza Patio & Restaurant ","","409 Calle San Francisco","San Juan","","Restaurant",NA,NA,1972,NA,"4/28/2020 2:17am","4/28/2020 2:21am","409 Calle San Francisco, San Juan, ","-66.1120179","18.4665551","409 c. de san francisco, san juan, 00901, puerto rico","Geocoded"
325,"St. Marks South Baths ","(above Rialto Theatre)","152 Calle Tanca","San Juan","","Baths",NA,NA,1972,NA,"4/28/2020 2:17am","4/28/2020 2:21am","152 Calle Tanca, San Juan, ","-66.1142629","18.4662027","152 ca. tanca, san juan, 00901, puerto rico","Geocoded"
328,"San Francisco Inn","","263 Calle San Francisco","San Juan","(H),(*)","Hotels",NA,NA,1972,NA,"4/28/2020 2:18am","4/28/2020 2:21am","263 Calle San Francisco, San Juan, ","-66.1146751","18.4660618","263 c. de san francisco, san juan, 00901, puerto rico","Geocoded"
329,"Small World ","","250 Calle San Jose","San Juan","(M)","Bars/Clubs",NA,NA,1972,NA,"4/28/2020 2:18am","4/28/2020 2:21am","250 Calle San Jose, San Juan, ","-66.1170468","18.4643413","250 calle san josé, san juan, 00901, puerto rico","Geocoded"
330,"Tea Room Bar","(go go boys)","52 Calle San Jose","San Juan","(D)","Bars/Clubs",NA,NA,1972,NA,"4/28/2020 2:18am","4/28/2020 2:21am","52 Calle San Jose, San Juan, ","-66.1176954","18.4670961","52 calle san josé, san juan, 00901, puerto rico","Geocoded"
331,"Ten Twenty Club","","1020 Ashford Ave.","Condado","(*)","Bars/Clubs",NA,NA,1972,NA,"4/28/2020 2:19am","4/28/2020 2:21am","1020 Ashford Ave., Condado, ","-66.0768569","18.4585693","1020 ashford ave, san juan, 00907, puerto rico","Geocoded"
332,"Unique Guest House","","151 Calle Tetuan","San Juan","(H)","Hotels",NA,NA,1972,NA,"4/28/2020 2:19am","4/28/2020 2:21am","151 Calle Tetuan, San Juan, ","-66.116707","18.4641136","151 calle de tetuan, san juan, 00901, puerto rico","Geocoded"
336,"Annex ","","151 Tetuan","San Juan","(D),(*)","Bars/Clubs",NA,NA,1971,NA,"4/28/2020 2:21am","4/28/2020 2:27am","151 Tetuan, San Juan, ","-66.116707","18.4641136","151 calle de tetuan, san juan, 00901, puerto rico","Geocoded"
333,"Big Spender","","104 Calle San Jose","San Juan","","Bars/Clubs",NA,NA,1971,NA,"4/28/2020 2:19am","4/28/2020 2:27am","104 Calle San Jose, San Juan, ","-66.1174097","18.4664543","104 calle san josé, san juan, 00901, puerto rico","Geocoded"
326,"Blanche's Place","","107 Calle San Sebastian","San Juan","(M)","Bars/Clubs",NA,NA,1971,NA,"4/28/2020 2:17am","4/28/2020 2:27am","107 Calle San Sebastian, San Juan, ","-66.1176732","18.4673139","107 calle san sebastián, san juan, 00901, puerto rico","Geocoded"
338,"Downtown ","","255 Calle San Jose","San Juan","","Bars/Clubs",NA,NA,1971,NA,"4/28/2020 2:22am","4/28/2020 2:27am","255 Calle San Jose, San Juan, ","-66.1168532","18.4641832","255 calle san josé, san juan, 00925, puerto rico","Geocoded"
339,"Fantasy ","","58 Calle San Juneto","San Juan","","Bars/Clubs",NA,NA,1971,NA,"4/28/2020 2:22am","4/28/2020 2:27am","58 Calle San Juneto, San Juan, ","-66.1158326","18.4670404","58 calle san justo, san juan, 00901, puerto rico","Geocoded"
340,"Finale","","58 Calle San Jose","San Juan","(D),(*)","Bars/Clubs",NA,NA,1971,NA,"4/28/2020 2:22am","4/28/2020 2:27am","58 Calle San Jose, San Juan, ","-66.117541","18.4668239","58 calle san josé, san juan, 00901, puerto rico","Geocoded"
342,"Golden Gate","(Best after 2 am)","5 Calle Luna","San Juan","(YC),(D),(*)","Bars/Clubs",NA,NA,1971,NA,"4/28/2020 2:23am","4/28/2020 2:27am","5 Calle Luna, San Juan, ","-66.1180786","18.4659785","5 calle de la luna, san juan, 00901, puerto rico","Geocoded"
345,"Madrid Guest House","(rooftop bar & lounge)","112 San Jorge ","Condado","(H)","Hotels",NA,NA,1971,NA,"4/28/2020 2:24am","4/28/2020 2:27am","112 San Jorge , Condado, ","-66.0618816","18.4509452","112 calle san jorge, san juan, 00911, puerto rico","Geocoded"
349,"San Francisco Inn","","263 Calle San Francisco","San Juan","(H)","Hotels",NA,NA,1971,NA,"4/28/2020 2:26am","4/28/2020 2:27am","263 Calle San Francisco, San Juan, ","-66.1146751","18.4660618","263 c. de san francisco, san juan, 00901, puerto rico","Geocoded"
351,"St. Marks South Baths","(above Rialto Theatre)","152 Calle Tanca","San Juan","","Baths",NA,NA,1971,NA,"4/28/2020 2:26am","4/28/2020 2:27am","152 Calle Tanca, San Juan, ","-66.1142629","18.4662027","152 ca. tanca, san juan, 00901, puerto rico","Geocoded"
352,"Small World ","","250 Calle San Jose","San Juan","(M)","Bars/Clubs",NA,NA,1971,NA,"4/28/2020 2:27am","4/28/2020 2:27am","250 Calle San Jose, San Juan, ","-66.1170468","18.4643413","250 calle san josé, san juan, 00901, puerto rico","Geocoded"
353,"Tea Room Bar","","52 Calle San Jose","San Juan","(D)","Bars/Clubs",NA,NA,1971,NA,"4/28/2020 2:27am","4/28/2020 2:27am","52 Calle San Jose, San Juan, ","-66.1176954","18.4670961","52 calle san josé, san juan, 00901, puerto rico","Geocoded"
354,"Unique Guest House ","","151 Calle Tetuan","San Juan","","Bars/Clubs",NA,NA,1971,NA,"4/28/2020 2:27am","4/28/2020 2:27am","151 Calle Tetuan, San Juan, ","-66.116707","18.4641136","151 calle de tetuan, san juan, 00901, puerto rico","Geocoded"
356,"Annex","","151 Tetuan","San Juan","(*)","Bars/Clubs",NA,NA,1970,NA,"4/28/2020 2:50am","4/28/2020 2:54am","151 Tetuan, San Juan, ","-66.116707","18.4641136","151 calle de tetuan, san juan, 00901, puerto rico","Geocoded"
361,"Hilltop","","150 San Sebastian","San Juan","","Bars/Clubs",NA,NA,1970,NA,"4/28/2020 2:52am","4/28/2020 2:54am","150 San Sebastian, San Juan, ","-66.117273","18.4673002","150 calle san sebastián, san juan, 00901, puerto rico","Geocoded"
365,"Small World ","","250 Calle San Jose","San Juan","","Bars/Clubs",NA,NA,1970,NA,"4/28/2020 2:53am","4/28/2020 2:54am","250 Calle San Jose, San Juan, ","-66.1170468","18.4643413","250 calle san josé, san juan, 00901, puerto rico","Geocoded"
370,"Annex","","151 Tetuan","San Juan","(*)","Bars/Clubs",NA,NA,1969,NA,"4/28/2020 2:56am","4/28/2020 2:59am","151 Tetuan, San Juan, ","-66.116707","18.4641136","151 calle de tetuan, san juan, 00901, puerto rico","Geocoded"
372,"Hilltop","","150 San Sebastian","Old San Juan","(D),(*)","Bars/Clubs",NA,NA,1969,NA,"4/28/2020 2:56am","4/28/2020 2:59am","150 San Sebastian, Old San Juan, ","-66.117273","18.4673002","150 calle san sebastián, san juan, 00901, puerto rico","Geocoded"
374,"Small World ","","250 San Jose","San Juan","","Bars/Clubs",NA,NA,1969,NA,"4/28/2020 2:58am","4/28/2020 2:59am","250 San Jose, San Juan, ","-66.0329433","18.4180025","san josé, san juan, 00923, puerto rico","Geocoded"
382,"Small World ","","250 San Jose","San Juan","","Bars/Clubs",NA,NA,1968,NA,"4/28/2020 3:02am","4/28/2020 3:02am","250 San Jose, San Juan, ","-66.0329433","18.4180025","san josé, san juan, 00923, puerto rico","Geocoded"
383,"Staircase","","151 Tetuan","San Juan","","Bars/Clubs",NA,NA,1968,NA,"4/28/2020 3:02am","4/28/2020 3:02am","151 Tetuan, San Juan, ","-66.116707","18.4641136","151 calle de tetuan, san juan, 00901, puerto rico","Geocoded"
377,"Arturo Furnished Cottages","(PO Box 4281 - Tel 832-7002)","Km 2 Rd. 105 Limon Rd.","Mayaguez","(H)","Hotels","checked",NA,1968,"","4/28/2020 12:59am","7/23/2020 9:40am","Km 2 Rd. 105 Limon Rd., ","-67.145155","18.201345","unclear_coded_by_hand","General Coordinates Used"
368,"Arturo Furnished Cottages","(P.O. Box 4281 - Tel: 832-7002) Km 2, Road 105, Limon Rd.","","Mayaguez","(H)","Hotels","checked",NA,1969,"","4/28/2020 12:54am","7/23/2020 9:40am",", ","-67.145155","18.201345","unclear_coded_by_hand","General Coordinates Used"
355,"Arturo Furnished Cottages","(PO Box 4281, Tel: 832-7002) KM. 2, Road 105, Limon Rd.","","Mayaguez","(H)","Hotels","checked",NA,1970,"","4/28/2020 12:27am","4/28/2020 12:54am",", ","-67.145155","18.201345","unclear_coded_by_hand","General Coordinates Used"
335,"Arturo Furnished Cottages","(P.O. Box 4281 - Tel: 832-7002) Km. 2, Rd. 105, Limon Rd.","","Mayaguez","(H)","Hotels","checked",NA,1971,"","4/28/2020 12:20am","4/28/2020 12:21am",", ","-67.145155","18.201345","unclear_coded_by_hand","General Coordinates Used"
306,"Arturo's Furnished Cottages","(P.O. Box 428, tel: 832-7002) Km 2, Rd. 105, Limon Rd.","","Mayaguez","(H)","Hotels","checked",NA,1972,"","4/28/2020 12:11am","4/28/2020 12:21am",", ","-67.145155","18.201345","unclear_coded_by_hand","General Coordinates Used"
187,"Caricatura Bar","Near Plaza Hotel","","Mayaguez","","Bars/Clubs","checked",NA,1975,"","4/27/2020 10:04pm","7/23/2020 9:42am",", ","-67.145152","18.201346","unclear_coded_by_hand","General Coordinates Used"
230,"Caricatura Bar","nr. Plaza Hotel","","Mayaguez","","Bars/Clubs","checked",NA,1974,"","4/27/2020 10:24pm","7/23/2020 9:42am",", ","-67.145152","18.201346","unclear_coded_by_hand","General Coordinates Used"
307,"Ki Ki Poo Club","(Inquire locally)","","Mayaguez","(D)","Bars/Clubs","checked",NA,1972,"","4/28/2020 12:12am","4/28/2020 12:21am",", ","-67.145152","18.201346","unclear_coded_by_hand","General Coordinates Used"
134,"Kiki Pu Bar","5 blocks from Plaza Colon","","Mayaguez","","Bars/Clubs","checked",NA,1976,"","4/27/2020 9:36pm","7/23/2020 9:43am",", ","-67.145152","18.201346","unclear_coded_by_hand","General Coordinates Used"
82,"Kiki-Pu Bar","","5 blocks from Plaza Colon","Mayaguez","","Bars/Clubs","checked",NA,1977,"","4/27/2020 6:23pm","4/27/2020 9:33pm","5 blocks from Plaza Colon, ","-67.145152","18.201346","unclear_coded_by_hand","General Coordinates Used"
270,"Kikipoo Club","","Post Rd.","Mayaguez","(D),(*)","Bars/Clubs","checked",NA,1973,"","4/27/2020 10:40pm","7/23/2020 9:42am","Post Rd., ","-67.145152","18.201346","unclear_coded_by_hand","General Coordinates Used"
135,"Plaza Colon","by City Hall","","Mayaguez","Cruisy Area","Cruising Areas","checked",NA,1976,"","4/27/2020 9:36pm","4/27/2020 10:02pm",", ","-67.139688","18.201104","unclear_coded_by_hand","Found"
41,"Plaza Colon","by City Hall","","Mayaguez","Cruisy Area","Cruising Areas","checked",NA,1979,"","4/27/2020 5:00pm","4/27/2020 6:03pm",", ","-67.139688","18.201104","unclear_coded_by_hand","Found"
2,"Plaza Colon","by City Hall","","Mayaguez","Cruisy Area","Cruising Areas","checked",NA,1980,"","4/27/2020 3:38pm","4/27/2020 4:59pm",", ","-67.139688","18.201104","unclear_coded_by_hand","Found"
83,"Plaza Colon","by City Hall","","Mayaguez","Cruisy Area","Cruising Areas","checked",NA,1977,"","4/27/2020 6:23pm","4/27/2020 9:33pm",", ","-67.139688","18.201104","unclear_coded_by_hand","Found"
42,"San Vicente Theatre","balcony","","Mayaguez","Cruisy Area","Cruising Areas","checked",NA,1979,"","4/27/2020 5:00pm","4/27/2020 6:03pm",", ","-67.145152","18.201346","unclear_coded_by_hand","General Coordinates Used"
84,"San Vicente Theatre","balcony","","Mayaguez","Cruisy Area","Cruising Areas","checked",NA,1977,"","4/27/2020 6:24pm","4/27/2020 9:33pm",", ","-67.145152","18.201346","unclear_coded_by_hand","General Coordinates Used"
3,"San Vicente Theatre","balcony","","Mayaguez","Cruisy Area","Cruising Areas","checked",NA,1980,"","4/27/2020 3:38pm","4/27/2020 4:59pm",", ","-67.145152","18.201346","unclear_coded_by_hand","General Coordinates Used"
136,"San Vicente Theatre","balcony","","Mayaguez","Cruisy Area","Cruising Areas","checked",NA,1976,"","4/27/2020 9:36pm","4/27/2020 10:02pm",", ","-67.145152","18.201346","unclear_coded_by_hand","General Coordinates Used"
44,"Off Main Plaza nr. Cathedral","","","Ponce","Cruisy Area","Cruising Areas","checked",NA,1979,"approximate location","4/27/2020 5:01pm","4/27/2020 6:03pm",", ","-66.614053","18.011864","unclear_coded_by_hand","Found"
5,"Off Main Plaza nr. Cathedral","","","Ponce","Cruisy Area","Cruising Areas","checked",NA,1980,"approximate location","4/27/2020 3:39pm","4/27/2020 4:59pm",", ","-66.614053","18.011864","unclear_coded_by_hand","Found"
87,"Off Main Plaza nr. the Cathedral","","","Ponce","Cruisy Area","Cruising Areas","checked",NA,1977,"approximate location","4/27/2020 6:24pm","4/27/2020 9:33pm",", ","-66.614053","18.011864","unclear_coded_by_hand","Found"
139,"Off the main plaza nr. the Cathedral","","","Ponce","Cruisy Area","Cruising Areas","checked",NA,1976,"approximate location","4/27/2020 9:37pm","4/27/2020 10:02pm",", ","-66.614053","18.011864","unclear_coded_by_hand","Found"
86,"Texan Motel & Bar","Inquire locally","","Ponce","(M)","Bars/Clubs","checked",NA,1977,"","4/27/2020 6:24pm","4/27/2020 9:33pm",", ","-66.614062","18.011077","unclear_coded_by_hand","General Coordinates Used"
138,"Texan Motel & Bar","Inquire locally","","Ponce","(M)","Bars/Clubs","checked",NA,1976,"","4/27/2020 9:37pm","4/27/2020 10:02pm",", ","-66.614062","18.011077","unclear_coded_by_hand","General Coordinates Used"
48,"Boccachio","(Natives only)","","Hato Ray","(G)","Bars/Clubs","checked",NA,1979,"","4/27/2020 5:02pm","7/23/2020 9:43am",", ","-66.050955","18.422578","unclear_coded_by_hand","General Coordinates Used"
11,"Boccachio","(Natives only)","","Hato Ray","(L)","Bars/Clubs","checked",NA,1980,"","4/27/2020 4:20pm","4/27/2020 4:59pm",", ","-66.050955","18.422578","unclear_coded_by_hand","General Coordinates Used"
92,"Boccachio","(Natives only)","","Hato Ray","(G),(*)","Bars/Clubs","checked",NA,1977,"","4/27/2020 7:09pm","4/27/2020 9:33pm",", ","-66.050955","18.422578","unclear_coded_by_hand","General Coordinates Used"
142,"Boccachio","(G & natives only)","","Hato Ray","(G),(*)","Bars/Clubs","checked",NA,1976,"","4/27/2020 9:39pm","4/27/2020 10:02pm",", ","-66.050955","18.422578","unclear_coded_by_hand","General Coordinates Used"
76,"Ashford Ave.","('Hustlers')","","San Juan","Cruisy Area","Cruising Areas","checked",NA,1978,"","4/27/2020 6:07pm","4/27/2020 6:09pm",", ","-66.07471","18.457111","unclear_coded_by_hand","Found"
69,"Ashford Ave.","('Hustlers')","","San Juan","Cruisy Area","Cruising Areas","checked",NA,1979,"","4/27/2020 6:00pm","4/27/2020 6:03pm",", ","-66.07471","18.457111","unclear_coded_by_hand","Found"
34,"Ashford Ave.","('Hustlers')","","San Juan","Cruisy Area","Cruising Areas","checked",NA,1980,"","4/27/2020 4:56pm","4/27/2020 4:59pm",", ","-66.07471","18.457111","unclear_coded_by_hand","Found"
221,"Ashford Ave.","'Hustlers'","","San Juan","Cruisy Area","Cruising Areas","checked",NA,1975,"","4/27/2020 10:21pm","4/27/2020 10:22pm",", ","-66.07471","18.457111","unclear_coded_by_hand","Found"
262,"Ashford Ave.","'Hustlers'","","San Juan","Cruisy Area","Cruising Areas","checked",NA,1974,"","4/27/2020 10:36pm","4/27/2020 10:38pm",", ","-66.07471","18.457111","unclear_coded_by_hand","Found"
179,"Ashford Ave.","'Hustlers'","","San Juan","Cruisy Area","Cruising Areas","checked",NA,1976,"","4/27/2020 9:59pm","4/27/2020 10:02pm",", ","-66.07471","18.457111","unclear_coded_by_hand","Found"
127,"Ashford Avenue","(Hustlers)","","San Juan","Cruisy Area","Cruising Areas","checked",NA,1977,"","4/27/2020 9:32pm","4/27/2020 9:33pm",", ","-66.07471","18.457111","unclear_coded_by_hand","Found"
222,"Beach betw. Sands & Sheraton Hotels","","","San Juan","Cruisy Area","Cruising Areas","checked",NA,1975,"","4/27/2020 10:21pm","4/27/2020 10:22pm",", ","-66.070795","18.457099","unclear_coded_by_hand","Found"
263,"Beach betw. Sands & Sheraton Hotels","","","San Juan","Cruisy Area","Cruising Areas","checked",NA,1974,"","4/27/2020 10:36pm","4/27/2020 10:38pm",", ","-66.070795","18.457099","unclear_coded_by_hand","Found"
357,"Big Spender","(Inquire locally)","","San Juan","","Bars/Clubs","checked",NA,1970,"","4/28/2020 12:51am","4/28/2020 12:54am",", ","-66.105735","18.465539","unclear_coded_by_hand","General Coordinates Used"
337,"Caesar's Pad","","Calle Cristo","San Juan","","Bars/Clubs","checked",NA,1971,"","4/28/2020 12:22am","4/28/2020 12:27am","Calle Cristo, ","-66.118153","18.465963","unclear_coded_by_hand","General Coordinates Used"
369,"Calle Luna Steam Baths","","Calle Luna","San Juan","","Baths","checked",NA,1969,"","4/28/2020 12:55am","4/28/2020 12:59am","Calle Luna, ","-66.115597","18.466388","unclear_coded_by_hand","General Coordinates Used"
180,"Calle San Francisco","","","San Juan","Cruisy Area","Cruising Areas","checked",NA,1976,"","4/27/2020 10:00pm","4/27/2020 10:02pm",", ","-66.115437","18.465747","unclear_coded_by_hand","Found"
223,"Calle San Francisco","","","San Juan","Cruisy Area","Cruising Areas","checked",NA,1975,"","4/27/2020 10:21pm","4/27/2020 10:22pm",", ","-66.115437","18.465747","unclear_coded_by_hand","Found"
35,"Calle San Francisco","","","San Juan","Cruisy Area","Cruising Areas","checked",NA,1980,"","4/27/2020 4:57pm","4/27/2020 4:59pm",", ","-66.115437","18.465747","unclear_coded_by_hand","Found"
128,"Calle San Francisco","","","San Juan","Cruisy Area","Cruising Areas","checked",NA,1977,"","4/27/2020 9:32pm","4/27/2020 9:33pm",", ","-66.115437","18.465747","unclear_coded_by_hand","Found"
77,"Calle San Francisco","('Hustlers')","","San Juan","Cruisy Area","Cruising Areas","checked",NA,1978,"","4/27/2020 6:08pm","4/27/2020 6:09pm",", ","-66.115437","18.465747","unclear_coded_by_hand","Found"
70,"Calle San Francisco","('Hustlers')","","San Juan","Cruisy Area","Cruising Areas","checked",NA,1979,"","4/27/2020 6:01pm","4/27/2020 6:03pm",", ","-66.115437","18.465747","unclear_coded_by_hand","Found"
264,"Calle San Francisco","","","San Juan","Cruisy Area","Cruising Areas","checked",NA,1974,"","4/27/2020 10:36pm","4/27/2020 10:38pm",", ","-66.115437","18.465747","unclear_coded_by_hand","Found"
302,"Calle San Francisco & Calle San Jose","","","San Juan","Cruisy Area","Cruising Areas","checked",NA,1973,"","4/28/2020 12:09am","4/28/2020 12:11am",", ","-66.115437","18.465747","unclear_coded_by_hand","Found"
181,"Calle San Jose","'Hustlers'","","San Juan","Cruisy Area","Cruising Areas","checked",NA,1976,"","4/27/2020 10:00pm","4/27/2020 10:02pm",", ","-66.117121","18.465347","unclear_coded_by_hand","Found"
36,"Calle San Jose","('Hustlers')","","San Juan","Cruisy Area","Cruising Areas","checked",NA,1980,"","4/27/2020 4:57pm","4/27/2020 4:59pm",", ","-66.117121","18.465347","unclear_coded_by_hand","Found"
224,"Calle San Jose","'Hustlers'","","San Juan","Cruisy Area","Cruising Areas","checked",NA,1975,"","4/27/2020 10:21pm","4/27/2020 10:22pm",", ","-66.117121","18.465347","unclear_coded_by_hand","Found"
71,"Calle San Jose","('Hustlers')","","San Juan","Cruisy Area","Cruising Areas","checked",NA,1979,"","4/27/2020 6:01pm","4/27/2020 6:03pm",", ","-66.117121","18.465347","unclear_coded_by_hand","Found"
78,"Calle San Jose","('Hustlers')","","San Juan","Cruisy Area","Cruising Areas","checked",NA,1978,"","4/27/2020 6:08pm","4/27/2020 6:09pm",", ","-66.117121","18.465347","unclear_coded_by_hand","Found"
265,"Calle San Jose","'Hustlers'","","San Juan","Cruisy Area","Cruising Areas","checked",NA,1974,"","4/27/2020 10:37pm","4/27/2020 10:38pm",", ","-66.117121","18.465347","unclear_coded_by_hand","Found"
94,"Carlos & Charlie's","","Calle Cristo & Calle Luna","San Juan","(R),(*)","Restaurant","checked",NA,1977,"","4/27/2020 7:09pm","4/27/2020 9:33pm","Calle Cristo & Calle Luna, ","-66.118153","18.465963","unclear_coded_by_hand","Found"
12,"Carlos & Charlie's","","Calle Cristo & Calle Luna","San Juan","(M),(R),(*)","Restaurant","checked",NA,1980,"","4/27/2020 4:21pm","7/23/2020 9:45am","Calle Cristo & Calle Luna, ","-66.118153","18.465963","unclear_coded_by_hand","Found"
49,"Carlos & Charlie's","","Calle Cristo & Calle Luna","San Juan","(M),(R),(*)","Restaurant","checked",NA,1979,"","4/27/2020 5:03pm","7/23/2020 9:43am","Calle Cristo & Calle Luna, ","-66.118153","18.465963","unclear_coded_by_hand","Found"
311,"Casa Mario's Guest House","","Calle San Jose","San Juan","(H)","Hotels","checked",NA,1972,"","4/28/2020 12:13am","7/23/2020 9:41am","Calle San Jose, ","-66.117121","18.465347","unclear_coded_by_hand","General Coordinates Used"
182,"Condado Beach","betw. Sheraton & Hyatt","La Concha Hotels","San Juan","Cruisy Area","Cruising Areas","checked",NA,1976,"","4/27/2020 10:01pm","4/27/2020 10:02pm","La Concha Hotels, ","-66.077944","18.459945","unclear_coded_by_hand","Found"
79,"Condado Beach","betw. Sheraton & Hyatt La Concha Hotels ('Hustlers')","","San Juan","Cruisy Area","Cruising Areas","checked",NA,1978,"","4/27/2020 6:08pm","4/27/2020 6:09pm",", ","-66.077944","18.459945","unclear_coded_by_hand","Found"
129,"Condado Beach","between Sheraton & Hyatt La Concha Hotels","","San Juan","Cruisy Area","Cruising Areas","checked",NA,1977,"","4/27/2020 9:32pm","4/27/2020 9:33pm",", ","-66.077944","18.459945","unclear_coded_by_hand","Found"
14,"Dona Sue's Downtown Club","","Calle San Francisco","San Juan","(M),(RT)","Bars/Clubs","checked",NA,1980,"","4/27/2020 4:22pm","7/23/2020 9:45am","Calle San Francisco, ","-66.115437","18.465747","unclear_coded_by_hand","General Coordinates Used"
51,"Dona Sue's Downtown Club","","Calle San Francisco","San Juan","(M),(RT)","Bars/Clubs","checked",NA,1979,"","4/27/2020 5:03pm","7/23/2020 9:43am","Calle San Francisco, ","-66.115437","18.465747","unclear_coded_by_hand","General Coordinates Used"
148,"El Jardin de Selma","(good during lunchtime)","Calle Cristo at Luna","San Juan","(M),(R)","Restaurant","checked",NA,1976,"","4/27/2020 9:43pm","7/23/2020 9:43am","Calle Cristo at Luna, ","-66.118153","18.465963","unclear_coded_by_hand","Found"
358,"Fantasy","","Calle Sol at San Juneto","San Juan","","Bars/Clubs","checked",NA,1970,"","4/28/2020 12:51am","4/28/2020 12:54am","Calle Sol at San Juneto, ","-66.115746","18.46701","unclear_coded_by_hand","Found"
359,"Finale","","Calle San Jose","San Juan","(D)","Bars/Clubs","checked",NA,1970,"","4/28/2020 12:51am","4/28/2020 12:54am","Calle San Jose, ","-66.114757","18.463203","unclear_coded_by_hand","General Coordinates Used"
341,"Full Moon","","Calle Luna nr. Plaza Colon","San Juan","","Bars/Clubs","checked",NA,1971,"","4/28/2020 12:23am","4/28/2020 12:27am","Calle Luna nr. Plaza Colon, ","-66.11261","18.467095","unclear_coded_by_hand","General Coordinates Used"
284,"Full Moon","","Calle Luna nr. Calle O'Donnel","San Juan","(RT),(M)","Bars/Clubs","checked",NA,1973,"","4/28/2020 12:03am","4/28/2020 12:11am","Calle Luna nr. Calle O'Donnel, ","-66.11261","18.467095","unclear_coded_by_hand","General Coordinates Used"
314,"Full Moon","","Calle Luna nr. Calle O' Donnel","San Juan","","Bars/Clubs","checked",NA,1972,"","4/28/2020 12:14am","4/28/2020 12:21am","Calle Luna nr. Calle O' Donnel, ","-66.11261","18.467095","unclear_coded_by_hand","General Coordinates Used"
360,"Golden Gate","(Best after 2 am)","","San Juan","(YC),(D),(*)","Bars/Clubs","checked",NA,1970,"","4/28/2020 12:52am","4/28/2020 12:54am",", ","-66.105735","18.465539","unclear_coded_by_hand","General Coordinates Used"
343,"Hank's Place","","Plaza de Colon","San Juan","","Bars/Clubs","checked",NA,1971,"","4/28/2020 12:23am","4/28/2020 12:27am","Plaza de Colon, ","-66.112042","18.466105","unclear_coded_by_hand","General Coordinates Used"
344,"Hilltop","","San Sebastian at San Jose","San Juan","(*)","Bars/Clubs","checked",NA,1971,"","4/28/2020 12:24am","4/28/2020 12:27am","San Sebastian at San Jose, ","-66.117592","18.467283","unclear_coded_by_hand","Found"
380,"Hilltop","","Calle de Rio Piedras","San Juan","(D),(*)","Bars/Clubs","checked",NA,1968,"","4/28/2020 1:01am","7/23/2020 9:40am","Calle de Rio Piedras, ","-66.117592","18.467283","unclear_coded_by_hand","General Coordinates Used"
315,"Junie's","","Calle San Jose","San Juan","","Bars/Clubs","checked",NA,1972,"","4/28/2020 12:14am","7/23/2020 9:41am","Calle San Jose, ","-66.117121","18.465347","unclear_coded_by_hand","General Coordinates Used"
245,"La Bodega","(Opens 12 noon)","Calle Luna & Calle San Justo","San Juan","(R),(S)","Restaurant","checked",NA,1974,"","4/27/2020 10:29pm","4/27/2020 10:38pm","Calle Luna & Calle San Justo, ","-66.115597","18.466388","unclear_coded_by_hand","General Coordinates Used"
363,"Main St. Bar","(Opens ar 12 noon)","Old San Juan","San Juan","(PE),(*)","Bars/Clubs","checked",NA,1970,"","4/28/2020 12:52am","4/28/2020 12:54am","Old San Juan, ","-66.116839","18.464003","unclear_coded_by_hand","Found"
318,"Main Street Bar","(Opens at 12 noon)","San Jose at Tetuan","San Juan","(*)","Bars/Clubs","checked",NA,1972,"","4/28/2020 12:15am","7/23/2020 9:41am","San Jose at Tetuan, ","-66.116839","18.464003","unclear_coded_by_hand","Found"
346,"Main Street Bar","(Opens at 12 noon)","San Jose at Tetuan","San Juan","(PE),(*)","Bars/Clubs","checked",NA,1971,"","4/28/2020 12:25am","4/28/2020 12:27am","San Jose at Tetuan, ","-66.116839","18.464003","unclear_coded_by_hand","Found"
112,"Manny's","Moved to a new location on Calle San Sebastian","","San Juan","(M),(R)","Restaurant","checked",NA,1977,"","4/27/2020 7:19pm","4/27/2020 9:33pm",", ","-66.117344","18.467321","unclear_coded_by_hand","General Coordinates Used"
322,"Ole Del Duende, Calle Luna","","","San Juan","","Bars/Clubs","checked",NA,1972,"","4/28/2020 12:16am","4/28/2020 12:21am",", ","-66.115597","18.466388","unclear_coded_by_hand","General Coordinates Used"
348,"Oledel Duende","","Calle Luna","San Juan","","Bars/Clubs","checked",NA,1971,"","4/28/2020 12:25am","4/28/2020 12:27am","Calle Luna, ","-66.115597","18.466388","unclear_coded_by_hand","General Coordinates Used"
251,"Page Two","Calle Forteleza & Calle Tanca","","San Juan","(YC),(D),(*)","Bars/Clubs","checked",NA,1974,"","4/27/2020 10:32pm","4/27/2020 10:38pm",", ","-66.114229","18.465311","unclear_coded_by_hand","Found"
323,"Page Two","","Calle Fortaleza nr. Calle Tanca","San Juan","","Bars/Clubs","checked",NA,1972,"","4/28/2020 12:16am","4/28/2020 12:21am","Calle Fortaleza nr. Calle Tanca, ","-66.114229","18.465311","unclear_coded_by_hand","Found"
293,"Page Two","(Some G)","Calle Fortleza at Calle Tanca","San Juan","(YC),(D),(G),(*)","Bars/Clubs","checked",NA,1973,"","4/28/2020 12:06am","7/23/2020 9:41am","Calle Fortleza at Calle Tanca, ","-66.114229","18.465311","unclear_coded_by_hand","Found"
115,"Page Two","(Natives) ('flicks')","Calle Fortaleza at Tanca","San Juan","(G),(D)","Bars/Clubs","checked",NA,1977,"","4/27/2020 9:26pm","7/23/2020 9:43am","Calle Fortaleza at Tanca, ","-66.114229","18.465311","unclear_coded_by_hand","Found"
167,"Page Two","(natives) ('flicks')","Calle Fortaleza at Tanca","San Juan","(G),(D)","Bars/Clubs","checked",NA,1976,"","4/27/2020 9:53pm","7/23/2020 9:42am","Calle Fortaleza at Tanca, ","-66.114229","18.465311","unclear_coded_by_hand","Found"
303,"Pinball Hall","","264 Calle San Francisco","San Juan","Cruisy Area","Cruising Areas","checked",NA,1973,"","4/28/2020 12:10am","4/28/2020 12:11am","264 Calle San Francisco, ","-66.114497","18.465945","unclear_coded_by_hand","Found"
130,"Plaza Colon","Bus Stop","","San Juan","Cruisy Area","Cruising Areas","checked",NA,1977,"","4/27/2020 9:32pm","4/27/2020 9:33pm",", ","-66.112042","18.466105","unclear_coded_by_hand","Found"
226,"Plaza Colon","Bus Stop","","San Juan","Cruisy Area","Cruising Areas","checked",NA,1975,"","4/27/2020 10:22pm","4/27/2020 10:22pm",", ","-66.112042","18.466105","unclear_coded_by_hand","Found"
267,"Plaza Colon","bus stop","","San Juan","Cruisy Area","Cruising Areas","checked",NA,1974,"","4/27/2020 10:37pm","4/27/2020 10:38pm",", ","-66.112042","18.466105","unclear_coded_by_hand","Found"
304,"Plaza Colon","","","San Juan","Cruisy Area","Cruising Areas","checked",NA,1973,"","4/28/2020 12:10am","4/28/2020 12:11am",", ","-66.112042","18.466105","unclear_coded_by_hand","Found"
183,"Plaza Colon","Bus stop","","San Juan","Cruisy Area","Cruising Areas","checked",NA,1976,"","4/27/2020 10:02pm","4/27/2020 10:02pm",", ","-66.112042","18.466105","unclear_coded_by_hand","Found"
305,"Realto Treatre","Balcony","","San Juan","Cruisy Area","Cruising Areas","checked",NA,1973,"","4/28/2020 12:10am","4/28/2020 12:11am",", ","-66.114422","18.466115","unclear_coded_by_hand","Found"
227,"Rialto Theatre","balcony","","San Juan","Cruisy Area","Cruising Areas","checked",NA,1975,"","4/27/2020 10:22pm","4/27/2020 10:22pm",", ","-66.114422","18.466115","unclear_coded_by_hand","Found"
73,"Rialto Theatre","balcony","","San Juan","Cruisy Area","Cruising Areas","checked",NA,1979,"","4/27/2020 6:02pm","4/27/2020 6:03pm",", ","-66.114422","18.466115","unclear_coded_by_hand","Found"
268,"Rialto Theatre","balcony","","San Juan","Cruisy Area","Cruising Areas","checked",NA,1974,"","4/27/2020 10:37pm","4/27/2020 10:38pm",", ","-66.114422","18.466115","unclear_coded_by_hand","Found"
38,"Rialto Theatre","balcony","","San Juan","Cruisy Area","Cruising Areas","checked",NA,1980,"","4/27/2020 4:57pm","4/27/2020 4:59pm",", ","-66.114422","18.466115","unclear_coded_by_hand","Found"
184,"Rialto Theatre","balcony","","San Juan","Cruisy Area","Cruising Areas","checked",NA,1976,"","4/27/2020 10:02pm","4/27/2020 10:02pm",", ","-66.114422","18.466115","unclear_coded_by_hand","Found"
80,"Rialto Theatre","Balcony","","San Juan","Cruisy Area","Cruising Areas","checked",NA,1978,"","4/27/2020 6:09pm","4/27/2020 6:09pm",", ","-66.114422","18.466115","unclear_coded_by_hand","Found"
131,"Rialto Theatre","Balcony","","San Juan","Cruisy Area","Cruising Areas","checked",NA,1977,"","4/27/2020 9:33pm","4/27/2020 9:33pm",", ","-66.114422","18.466115","unclear_coded_by_hand","Found"
327,"Salvation Bar","","Calle Cruz nr. Calle Luna","San Juan","","Bars/Clubs","checked",NA,1972,"","4/28/2020 12:18am","4/28/2020 12:21am","Calle Cruz nr. Calle Luna, ","-66.116424","18.466175","unclear_coded_by_hand","General Coordinates Used"
30,"Shack Up","","Calle Vending nr. Atlantic Beach Hotel","San Juan","(RT)","Bars/Clubs","checked",NA,1980,"","4/27/2020 4:54pm","7/23/2020 9:43am","Calle Vending nr. Atlantic Beach Hotel, ","-66.072352","18.457124","unclear_coded_by_hand","Found"
350,"St Senor","","Calle San Jose","San Juan","","Bars/Clubs","checked",NA,1971,"","4/28/2020 12:26am","4/28/2020 12:27am","Calle San Jose, ","-66.056823","18.433462","unclear_coded_by_hand","General Coordinates Used"
364,"St. Marks Baths","","Calle Luna","San Juan","","Baths","checked",NA,1970,"","4/28/2020 12:53am","4/28/2020 12:58am","Calle Luna, ","-66.115597","18.466388","unclear_coded_by_hand","General Coordinates Used"
366,"Tea Room Bar","(Inquire locally)","","San Juan","","Bars/Clubs","checked",NA,1970,"","4/28/2020 12:54am","7/23/2020 9:40am",", ","-66.105735","18.465539","unclear_coded_by_hand","General Coordinates Used"
367,"Tender Trap","","Calle San Jose","San Juan","(M)","Bars/Clubs","checked",NA,1970,"","4/28/2020 12:54am","4/28/2020 12:58am","Calle San Jose, ","-66.056823","18.433462","unclear_coded_by_hand","General Coordinates Used"
375,"Tender Trap","","Calle San Jose","San Juan","","Bars/Clubs","checked",NA,1969,"","4/28/2020 12:58am","4/28/2020 12:59am","Calle San Jose, ","-66.056823","18.433462","unclear_coded_by_hand","General Coordinates Used"
217,"The Oscar","(Some Natives) San Jorge at top of hill near Ponce de Leon","","San Juan","(D),(*)","Bars/Clubs","checked",NA,1975,"","4/27/2020 10:19pm","7/23/2020 9:42am",", ","-66.064049","18.442339","unclear_coded_by_hand","General Coordinates Used"
39,"U. of Puerto Rico","Library (2nd floor T-Room)","","San Juan","Cruisy Area","Cruising Areas","checked",NA,1980,"","4/27/2020 4:58pm","4/27/2020 4:59pm",", ","-66.050041","18.402809","unclear_coded_by_hand","Found"
74,"U. of Puerto Rico","Library (2nd floor T-Room)","","San Juan","Cruisy Area","Cruising Areas","checked",NA,1979,"","4/27/2020 6:02pm","4/27/2020 6:03pm",", ","-66.050041","18.402809","unclear_coded_by_hand","Found"
334,"University Club","","Calle San Jose at Calle Forteleza","San Juan","","Bars/Clubs","checked",NA,1972,"","4/28/2020 12:19am","4/28/2020 12:21am","Calle San Jose at Calle Forteleza, ","-66.116986","18.464633","unclear_coded_by_hand","Found"
376,"Variety","","Calle Luna","San Juan","","Bars/Clubs","checked",NA,1969,"","4/28/2020 12:59am","4/28/2020 12:59am","Calle Luna, ","-66.115597","18.466388","unclear_coded_by_hand","General Coordinates Used"
68,"Y.M.C.A.","905 Ponce de Leon","","San Juan","(M),(H)","Hotels","checked",NA,1979,"","4/27/2020 6:00pm","7/23/2020 9:43am",", ","-66.062757","18.436037","unclear_coded_by_hand","Found"
261,"Y.M.C.A.","Ave. Ponce de Leon","","San Juan","(H),(*)","Hotels","checked",NA,1974,"","4/27/2020 10:36pm","4/27/2020 10:38pm",", ","-66.062757","18.436037","unclear_coded_by_hand","Found"
220,"Y.M.C.A.","","Ave. Ponce de Leon","San Juan","(H),(M)","Hotels","checked",NA,1975,"","4/27/2020 10:20pm","7/23/2020 9:42am","Ave. Ponce de Leon, ","-66.062757","18.436037","unclear_coded_by_hand","Found"
300,"Ashford Ave.","'Hustlers'","","Condado","Cruisy Area","Cruising Areas","checked",NA,1973,"","4/28/2020 12:09am","4/28/2020 12:11am",", ","-66.07471","18.457111","unclear_coded_by_hand","Found"
301,"Beach in front of Sands Hotel","","","Condado","Cruisy Area","Cruising Areas","checked",NA,1973,"","4/28/2020 12:09am","4/28/2020 12:11am",", ","-66.070795","18.457099","unclear_coded_by_hand","Found"
37,"Condado Beach","betw. Sheraton & Hyatt, La Concha Hotels","","Condado","Cruisy Area","Cruising Areas","checked",NA,1980,"","4/27/2020 4:57pm","4/27/2020 4:59pm",", ","-66.077944","18.459945","unclear_coded_by_hand","Found"
72,"Condado Beach","betw. Sheraton & Hyatt La Concha Hotels","","Condado","Cruisy Area","Cruising Areas","checked",NA,1979,"","4/27/2020 6:01pm","4/27/2020 6:03pm",", ","-66.077944","18.459945","unclear_coded_by_hand","Found"
196,"El Refugio del India","","Avenida Fernando Junicos, opp. Regency Theatre","Condado","","Bars/Clubs","checked",NA,1975,"approximate location","4/27/2020 10:09pm","4/27/2020 10:22pm","Avenida Fernando Junicos, opp. Regency Theatre, ","-66.068644","18.443125","unclear_coded_by_hand","Found"
242,"El Refugio del India","Avenida Fernand Juncos opp. Regency Theatre","","Condado","","Bars/Clubs","checked",NA,1974,"approximate location","4/27/2020 10:28pm","4/27/2020 10:38pm",", ","-66.068644","18.443125","unclear_coded_by_hand","Found"
151,"El Refugio del Indio","(Latins) Avenida Fernandez Juncos, opp. Regency Theatre","","Condado","(RT),(*)","Bars/Clubs","checked",NA,1976,"approximate location","4/27/2020 9:44pm","4/27/2020 10:02pm",", ","-66.068644","18.443125","unclear_coded_by_hand","Found"
100,"El Refugio del Indio","(Latins)","Avenida Fernandez Juncos, opp. Regency Theatre","Condado","(RT),(*)","Bars/Clubs","checked",NA,1977,"approximate location","4/27/2020 7:12pm","4/27/2020 9:33pm","Avenida Fernandez Juncos, opp. Regency Theatre, ","-66.068644","18.443125","unclear_coded_by_hand","Found"
198,"Hotel Lindomar","","Condado Ave.","Condado","(M),(H)","Hotels","checked",NA,1975,"","4/27/2020 10:10pm","7/23/2020 9:42am","Condado Ave., ","-66.070888","18.457061","unclear_coded_by_hand","Found"
244,"Hotel Lindomar","On Condado Ave. on 'the beach'","","Condado","(M),(H)","Hotels","checked",NA,1974,"approximate location","4/27/2020 10:29pm","4/27/2020 10:38pm",", ","-66.070888","18.457061","unclear_coded_by_hand","Found"
110,"Little Penthouse","(FFA - ""flicks"" - $3.00 minimum - some natives - ""tops"" in Condado)","1019 Ashford Ave.","Condado","(D),(*),(FFA)","Bars/Clubs","checked",NA,1977,"","4/27/2020 7:18pm","4/27/2020 9:33pm","1019 Ashford Ave., ","-66.079403","18.460543","unclear_coded_by_hand","Found"
362,"Madrid Guest House","","San Jorge 112","Condado","(H)","Hotels","checked",NA,1970,"","4/28/2020 12:52am","7/23/2020 9:41am","San Jorge 112, ","-66.061728","18.451184","unclear_coded_by_hand","Found"
320,"Napoleon Club","","","Condado","(P),(D),(PE)","Bars/Clubs","checked",NA,1972,"","4/28/2020 12:15am","4/28/2020 12:21am",", ","-66.071632","18.456074","unclear_coded_by_hand","General Coordinates Used"
321,"Normandie Hotel","","Ashford at Avenida Escambron","Condado","(H)","Hotels","checked",NA,1972,"","4/28/2020 12:16am","7/23/2020 9:40am","Ashford at Avenida Escambron, ","-66.056926","18.417682","unclear_coded_by_hand","Found"
347,"Normandie Hotel","","Ashford Dr. Condado","Condado","","Hotels","checked",NA,1971,"","4/28/2020 12:25am","4/28/2020 12:27am","Ashford Dr. Condado, ","-66.056926","18.417682","unclear_coded_by_hand","Found"
290,"Normandie Hotel","","Ashford at Avenida Escambron","Condado","(H),(M)","Hotels","checked",NA,1973,"","4/28/2020 12:05am","7/23/2020 9:41am","Ashford at Avenida Escambron, ","-66.056926","18.417682","unclear_coded_by_hand","Found"
219,"Upstairs - Opposite Hyatt La Concha Hotel","(Looks promising)","","Condado","","Bars/Clubs","checked",NA,1975,"","4/27/2020 10:20pm","7/23/2020 9:42am",", ","-66.071632","18.456074","unclear_coded_by_hand","General Coordinates Used"
203,"Little Parrot","","Ponce de Leon Ave.","Santurce","(S)","Bars/Clubs","checked",NA,1975,"","4/27/2020 10:12pm","4/27/2020 10:22pm","Ponce de Leon Ave., ","-66.058474","18.429163","unclear_coded_by_hand","General Coordinates Used"
161,"Little Parrot","(touristy)","Ponce de Leon Av.","Santurce","(S)","Bars/Clubs","checked",NA,1976,"","4/27/2020 9:50pm","7/23/2020 9:42am","Ponce de Leon Av., ","-66.058474","18.429163","unclear_coded_by_hand","General Coordinates Used"
109,"Little Parrot","(Touristy)","Ponce de Leon Ave.","Santurce","(S)","Bars/Clubs","checked",NA,1977,"","4/27/2020 7:17pm","7/23/2020 9:43am","Ponce de Leon Ave., ","-66.058474","18.429163","unclear_coded_by_hand","General Coordinates Used"
202,"Little Club","(Native & Sailors)","Ponce de Leon Ave.","Miramar","","Bars/Clubs","checked",NA,1975,"","4/27/2020 10:12pm","4/27/2020 10:22pm","Ponce de Leon Ave., ","-66.080889","18.454763","unclear_coded_by_hand","General Coordinates Used"
378,"Cha Cha Palace","","","Old San Juan","(D)","Bars/Clubs","checked",NA,1968,"","4/28/2020 1:01am","4/28/2020 1:02am",", ","-66.114757","18.463203","unclear_coded_by_hand","General Coordinates Used"
371,"Finale","Old San Juan","San Jose St.","Old San Juan","(D)","Bars/Clubs","checked",NA,1969,"","4/28/2020 12:56am","4/28/2020 12:59am","San Jose St., ","-66.114757","18.463203","unclear_coded_by_hand","General Coordinates Used"
379,"Finale","","","Old San Juan","(D)","Bars/Clubs","checked",NA,1968,"","4/28/2020 1:01am","4/28/2020 1:02am",", ","-66.114757","18.463203","unclear_coded_by_hand","General Coordinates Used"
381,"Main St. Bar","","","Old San Juan","(*)","Bars/Clubs","checked",NA,1968,"","4/28/2020 1:02am","4/28/2020 1:02am",", ","-66.114757","18.463203","unclear_coded_by_hand","General Coordinates Used"
373,"Main St. Bar","","","Old San Juan","(PE)","Bars/Clubs","checked",NA,1969,"","4/28/2020 12:57am","4/28/2020 12:59am",", ","-66.114757","18.463203","unclear_coded_by_hand","General Coordinates Used"
