"ID","Title","description","streetaddress","city","state","amenityfeatures","type","Year","unclearaddress","uncleartype","notes","dateadded","lastmodified","full.address","lon","lat","geoAddress","status"
2,"Club Baths","","1030 W. 2nd ","Reno","NV","","Baths",1965,NA,NA,NA,"4/24/2020 12:14am","7/27/2020 1:20pm","1030 W. 2nd , Reno, NV","-119.826675","39.5241202","1030 w 2nd st, reno, nv 89503, usa","Geocoded"
4,"Reno Bar ","","424 E. 4th","Reno","NV","","Bars/Clubs",1965,NA,NA,NA,"4/24/2020 12:14am","7/27/2020 1:20pm","424 E. 4th, Reno, NV","-119.8082473","39.5308793","424 e 4th st, reno, nv 89512, usa","Geocoded"
3,"Westside Motel","","3001 W. 4th","Reno","NV","(H)","Hotels",1965,NA,NA,NA,"4/24/2020 12:14am","7/27/2020 1:20pm","3001 W. 4th, Reno, NV","-119.8489517","39.5198392","3001 w 4th st, reno, nv 89523, usa","Geocoded"
102,"Club Baths","","1030 W. 2nd ","Reno","NV","","Baths",1966,NA,NA,NA,"4/26/2020 12:33am","7/27/2020 1:20pm","1030 W. 2nd , Reno, NV","-119.826675","39.5241202","1030 w 2nd st, reno, nv 89503, usa","Geocoded"
5,"Dave's VIP Club ","","3001 W. 4th ","Reno","NV","(*)","Bars/Clubs",1966,NA,NA,NA,"4/24/2020 12:14am","7/27/2020 1:20pm","3001 W. 4th , Reno, NV","-119.8489517","39.5198392","3001 w 4th st, reno, nv 89523, usa","Geocoded"
103,"Reno Bar ","","424 E. 4th","Reno","NV","","Bars/Clubs",1966,NA,NA,NA,"4/26/2020 12:34am","7/27/2020 1:20pm","424 E. 4th, Reno, NV","-119.8082473","39.5308793","424 e 4th st, reno, nv 89512, usa","Geocoded"
104,"Westside Motel","","3001 W. 4th","Reno","NV","(H)","Hotels",1966,NA,NA,NA,"4/26/2020 12:35am","7/27/2020 1:20pm","3001 W. 4th, Reno, NV","-119.8489517","39.5198392","3001 w 4th st, reno, nv 89523, usa","Geocoded"
6,"Driftwood ","","4231 Main St. ","Las Vegas","NV","","Bars/Clubs",1968,NA,NA,NA,"4/24/2020 12:14am","7/27/2020 1:20pm","4231 Main St. , Las Vegas, NV","-115.1527427","36.1610061","s main st, las vegas, nv, usa","Geocoded"
106,"Club Baths","","1030 W. 2nd ","Reno","NV","","Baths",1968,NA,NA,NA,"4/26/2020 12:38am","7/27/2020 1:20pm","1030 W. 2nd , Reno, NV","-119.826675","39.5241202","1030 w 2nd st, reno, nv 89503, usa","Geocoded"
107,"Dave's VIP Club ","","3001 W. 4th ","Reno","NV","(*)","Bars/Clubs",1968,NA,NA,NA,"4/26/2020 12:39am","7/27/2020 1:20pm","3001 W. 4th , Reno, NV","-119.8489517","39.5198392","3001 w 4th st, reno, nv 89523, usa","Geocoded"
108,"Reno Bar ","","424 E. 4th","Reno","NV","","Bars/Clubs",1968,NA,NA,NA,"4/26/2020 12:39am","7/27/2020 1:20pm","424 E. 4th, Reno, NV","-119.8082473","39.5308793","424 e 4th st, reno, nv 89512, usa","Geocoded"
109,"Westside Motel","","3001 W. 4th","Reno","NV","(H)","Hotels",1968,NA,NA,NA,"4/26/2020 12:39am","7/27/2020 1:20pm","3001 W. 4th, Reno, NV","-119.8489517","39.5198392","3001 w 4th st, reno, nv 89523, usa","Geocoded"
112,"Club Baths","","1030 W. 2nd St. ","Reno","NV","","Baths",1969,NA,NA,NA,"4/26/2020 12:46am","7/27/2020 1:20pm","1030 W. 2nd St. , Reno, NV","-119.826675","39.5241202","1030 w 2nd st, reno, nv 89503, usa","Geocoded"
113,"Dave's V.I.P.  ","","3001 W. 4th St. ","Reno","NV","(*)","Bars/Clubs",1969,NA,NA,NA,"4/26/2020 12:47am","7/27/2020 1:20pm","3001 W. 4th St. , Reno, NV","-119.8489517","39.5198392","3001 w 4th st, reno, nv 89523, usa","Geocoded"
114,"Reno Bar ","","424 E. 4th St. ","Reno","NV","","Bars/Clubs",1969,NA,NA,NA,"4/26/2020 12:48am","7/27/2020 1:20pm","424 E. 4th St. , Reno, NV","-119.8082473","39.5308793","424 e 4th st, reno, nv 89512, usa","Geocoded"
9,"Stagecoach Inn ","","7350 W. 4th St. ","Reno","NV","(H)","Hotels",1969,NA,NA,NA,"4/24/2020 12:14am","7/27/2020 1:20pm","7350 W. 4th St. , Reno, NV","-119.8819399","39.5099438","7350 w 4th st, reno, nv 89523, usa","Geocoded"
10,"Sunnyside Bar ","","8100 W. 4th St. ","Reno","NV","","Bars/Clubs",1969,NA,NA,NA,"4/24/2020 12:14am","7/27/2020 1:20pm","8100 W. 4th St. , Reno, NV","-119.89592","39.508772","8100 w 4th st, reno, nv 89523, usa","Geocoded"
115,"Westside Motel","","3001 W. 4th","Reno","NV","(H)","Hotels",1969,NA,NA,NA,"4/26/2020 12:50am","7/27/2020 1:20pm","3001 W. 4th, Reno, NV","-119.8489517","39.5198392","3001 w 4th st, reno, nv 89523, usa","Geocoded"
118,"Club Baths","","1030 W. 2nd St. ","Reno","NV","","Baths",1970,NA,NA,NA,"4/26/2020 12:53am","7/27/2020 1:20pm","1030 W. 2nd St. , Reno, NV","-119.826675","39.5241202","1030 w 2nd st, reno, nv 89503, usa","Geocoded"
119,"Dave's V.I.P.  Club ","(behind Westside Motel)","3001 W. 4th St. ","Reno","NV","(*)","Bars/Clubs",1970,NA,NA,NA,"4/26/2020 12:54am","7/27/2020 1:20pm","3001 W. 4th St. , Reno, NV","-119.8489517","39.5198392","3001 w 4th st, reno, nv 89523, usa","Geocoded"
120,"Reno Bar ","","424 E. 4th St. ","Reno","NV","","Bars/Clubs",1970,NA,NA,NA,"4/26/2020 12:55am","7/27/2020 1:20pm","424 E. 4th St. , Reno, NV","-119.8082473","39.5308793","424 e 4th st, reno, nv 89512, usa","Geocoded"
121,"Stagecoach Inn ","","7350 W. 4th St. ","Reno","NV","(H)","Hotels",1970,NA,NA,NA,"4/26/2020 12:55am","7/27/2020 1:20pm","7350 W. 4th St. , Reno, NV","-119.8819399","39.5099438","7350 w 4th st, reno, nv 89523, usa","Geocoded"
122,"Sunnyside Bar ","","8100 W. 4th St. ","Reno","NV","","Bars/Clubs",1970,NA,NA,NA,"4/26/2020 12:56am","7/27/2020 1:20pm","8100 W. 4th St. , Reno, NV","-119.89592","39.508772","8100 w 4th st, reno, nv 89523, usa","Geocoded"
123,"Westside Motel","","3001 W. 4th","Reno","NV","(H)","Hotels",1970,NA,NA,NA,"4/26/2020 12:56am","7/27/2020 1:20pm","3001 W. 4th, Reno, NV","-119.8489517","39.5198392","3001 w 4th st, reno, nv 89523, usa","Geocoded"
12,"Levi Club Discotheque ","(no booze) N. Las Vegas","810 E. Lake Mead Blvd. ","Las Vegas","NV","(YC),(D)","Bars/Clubs",1971,NA,NA,NA,"4/24/2020 12:14am","7/27/2020 1:20pm","810 E. Lake Mead Blvd. , Las Vegas, NV","-115.1301599","36.1962201","810 e lake mead blvd, north las vegas, nv 89030, usa","Geocoded"
125,"Red Barn "," ","1317 E. Tropicana Ave. near Maryland Pkwy.","Las Vegas","NV","(D),(*)","Bars/Clubs",1971,NA,NA,NA,"4/26/2020 1:10am","7/27/2020 1:20pm","1317 E. Tropicana Ave. near Maryland Pkwy., Las Vegas, NV","-115.1354155","36.0966417","5130 s maryland pkwy, las vegas, nv 89119, usa","Geocoded"
126,"Club Baths","","1030 W. 2nd St. ","Reno","NV","","Baths",1971,NA,NA,NA,"4/26/2020 1:11am","7/27/2020 1:20pm","1030 W. 2nd St. , Reno, NV","-119.826675","39.5241202","1030 w 2nd st, reno, nv 89503, usa","Geocoded"
127,"Dave's Vip Club ","(behind Westside Motel)","3001 W. 4th St. ","Reno","NV","(*),(D)","Bars/Clubs",1971,NA,NA,NA,"4/26/2020 1:11am","7/27/2020 1:20pm","3001 W. 4th St. , Reno, NV","-119.8489517","39.5198392","3001 w 4th st, reno, nv 89523, usa","Geocoded"
13,"Rainbow Room ","","2081 E. 4th St. ","Reno","NV","","Bars/Clubs",1971,NA,NA,NA,"4/24/2020 12:14am","7/27/2020 1:20pm","2081 E. 4th St. , Reno, NV","-119.7884252","39.5339568","2081 e 4th st, reno, nv 89512, usa","Geocoded"
128,"Reno Bar ","","424 E. 4th St. ","Reno","NV","(RT)","Bars/Clubs",1971,NA,NA,NA,"4/26/2020 1:13am","7/27/2020 1:20pm","424 E. 4th St. , Reno, NV","-119.8082473","39.5308793","424 e 4th st, reno, nv 89512, usa","Geocoded"
129,"Stagecoach Inn ","","7350 W. 4th St. ","Reno","NV","(H)","Hotels",1971,NA,NA,NA,"4/26/2020 1:14am","7/27/2020 1:20pm","7350 W. 4th St. , Reno, NV","-119.8819399","39.5099438","7350 w 4th st, reno, nv 89523, usa","Geocoded"
130,"Sunnyside Bar ","","8100 W. 4th St. ","Reno","NV","","Bars/Clubs",1971,NA,NA,NA,"4/26/2020 1:14am","7/27/2020 1:20pm","8100 W. 4th St. , Reno, NV","-119.89592","39.508772","8100 w 4th st, reno, nv 89523, usa","Geocoded"
131,"Westside Motel","","3001 W. 4th St. ","Reno","NV","(H),(*)","Hotels",1971,NA,NA,NA,"4/26/2020 1:14am","7/27/2020 1:20pm","3001 W. 4th St. , Reno, NV","-119.8489517","39.5198392","3001 w 4th st, reno, nv 89523, usa","Geocoded"
134,"Red Barn "," ","1317 E. Tropicana Ave. near Maryland Pkwy.","Las Vegas","NV","(D),(*),(S)","Bars/Clubs",1972,NA,NA,NA,"4/26/2020 1:19am","7/27/2020 1:20pm","1317 E. Tropicana Ave. near Maryland Pkwy., Las Vegas, NV","-115.1354155","36.0966417","5130 s maryland pkwy, las vegas, nv 89119, usa","Geocoded"
135,"Club Baths","","1030 W. 2nd St. ","Reno","NV","(*)","Baths",1972,NA,NA,NA,"4/26/2020 1:21am","7/27/2020 1:20pm","1030 W. 2nd St. , Reno, NV","-119.826675","39.5241202","1030 w 2nd st, reno, nv 89503, usa","Geocoded"
136,"Dave's VIP Club ","(behind Westside Motel)","3001 W. 4th St. ","Reno","NV","(*),(D)","Bars/Clubs",1972,NA,NA,NA,"4/26/2020 1:22am","7/27/2020 1:20pm","3001 W. 4th St. , Reno, NV","-119.8489517","39.5198392","3001 w 4th st, reno, nv 89523, usa","Geocoded"
14,"Pacific Bar ","","1278 S. Virginia St. ","Reno","NV","(M)","Bars/Clubs",1972,NA,NA,NA,"4/24/2020 12:14am","7/27/2020 1:20pm","1278 S. Virginia St. , Reno, NV","-119.8059973","39.5119947","1278 s virginia st, reno, nv 89502, usa","Geocoded"
137,"Westside Motel","","3001 W. 4th St. ","Reno","NV","(H),(*)","Hotels",1972,NA,NA,NA,"4/26/2020 1:23am","7/27/2020 1:20pm","3001 W. 4th St. , Reno, NV","-119.8489517","39.5198392","3001 w 4th st, reno, nv 89523, usa","Geocoded"
138,"Le Cafe","Some (G)","4917 Paradise Rd. at Tropicana","Las Vegas","NV","(YC),(R),(D),(G),(*)","Restaurant",1973,NA,NA,NA,"4/26/2020 1:25am","7/27/2020 1:20pm","4917 Paradise Rd. at Tropicana, Las Vegas, NV","-115.171358","36.0996349","3801 s las vegas blvd, las vegas, nv 89109, usa","Geocoded"
140,"Red Barn "," ","1317 E. Tropicana Ave. near Maryland Pkwy.","Las Vegas","NV","(D),(*),(W)","Bars/Clubs",1973,NA,NA,NA,"4/26/2020 1:28am","7/27/2020 1:20pm","1317 E. Tropicana Ave. near Maryland Pkwy., Las Vegas, NV","-115.1354155","36.0966417","5130 s maryland pkwy, las vegas, nv 89119, usa","Geocoded"
15,"Vegas Club Baths ","","1413 S. Main St. ","Las Vegas","NV","","Baths",1973,NA,NA,NA,"4/24/2020 12:14am","7/27/2020 1:20pm","1413 S. Main St. , Las Vegas, NV","-115.1536116","36.1542674","1413 s main st, las vegas, nv 89104, usa","Geocoded"
141,"Club Baths","","1030 W. 2nd St. ","Reno","NV","","Baths",1973,NA,NA,NA,"4/26/2020 1:30am","7/27/2020 1:20pm","1030 W. 2nd St. , Reno, NV","-119.826675","39.5241202","1030 w 2nd st, reno, nv 89503, usa","Geocoded"
16,"Club 99","","1099 S. Virginia ","Reno","NV","(M)","Bars/Clubs",1973,NA,NA,NA,"4/24/2020 12:14am","7/27/2020 1:20pm","1099 S. Virginia , Reno, NV","-119.8068978","39.5126766","1099 s virginia st, reno, nv 89502, usa","Geocoded"
142,"Dave's VIP Club ","(behind Westside Motel)","3001 W. 4th St. ","Reno","NV","(*),(D),(YC)","Bars/Clubs",1973,NA,NA,NA,"4/26/2020 1:31am","7/27/2020 1:20pm","3001 W. 4th St. , Reno, NV","-119.8489517","39.5198392","3001 w 4th st, reno, nv 89523, usa","Geocoded"
143,"Dave's Westside Motel","","3001 W. 4th St. ","Reno","NV","(H),(*)","Hotels",1973,NA,NA,NA,"4/26/2020 1:31am","7/27/2020 1:20pm","3001 W. 4th St. , Reno, NV","-119.8489517","39.5198392","3001 w 4th st, reno, nv 89523, usa","Geocoded"
17,"Jade Room ","","214 W. Commercial Row ","Reno","NV","(*)","Bars/Clubs",1973,NA,NA,NA,"4/24/2020 12:14am","7/27/2020 1:20pm","214 W. Commercial Row , Reno, NV","-119.8166565","39.527426","214 w commercial row, reno, nv 89501, usa","Geocoded"
144,"Jim's Reno Bar ","","424 E. 4th St. ","Reno","NV","","Bars/Clubs",1973,NA,NA,NA,"4/26/2020 1:34am","7/27/2020 1:20pm","424 E. 4th St. , Reno, NV","-119.8082473","39.5308793","424 e 4th st, reno, nv 89512, usa","Geocoded"
145,"Pacific Bar ","(use rear entrance)","1278 S. Virginia St. ","Reno","NV","(G)","Bars/Clubs",1973,NA,NA,NA,"4/26/2020 1:35am","7/27/2020 1:20pm","1278 S. Virginia St. , Reno, NV","-119.8059973","39.5119947","1278 s virginia st, reno, nv 89502, usa","Geocoded"
19,"The Trapp ","","5201 W. 4th St. ","Reno","NV","(M),(D)","Bars/Clubs",1973,NA,NA,NA,"4/24/2020 12:14am","7/27/2020 1:20pm","5201 W. 4th St. , Reno, NV","-119.8660167","39.5123549","5201 w 4th st, reno, nv 89523, usa","Geocoded"
20,"Gaiety Theatre ","","1304 Las Vegas Blvd. S. ","Las Vegas","NV","(M)","Theatre",1974,NA,NA,NA,"4/24/2020 12:14am","7/27/2020 1:20pm","1304 Las Vegas Blvd. S. , Las Vegas, NV","-115.1502159","36.155252","1304 s las vegas blvd, las vegas, nv 89104, usa","Geocoded"
21,"King's Rest Motel ","","526 Las Vegas Blvd. S. ","Las Vegas","NV","(H)","Hotels",1974,NA,NA,NA,"4/24/2020 12:14am","7/27/2020 1:20pm","526 Las Vegas Blvd. S. , Las Vegas, NV","-115.1442793","36.1641822","526 s las vegas blvd, las vegas, nv 89101, usa","Geocoded"
146,"Le Cafe","Some (G)","4917 Paradise Rd. at Tropicana","Las Vegas","NV","(YC),(R),(D),(G),(*)","Restaurant",1974,NA,NA,NA,"4/26/2020 1:40am","7/27/2020 1:20pm","4917 Paradise Rd. at Tropicana, Las Vegas, NV","-115.171358","36.0996349","3801 s las vegas blvd, las vegas, nv 89109, usa","Geocoded"
148,"Red Barn "," ","1317 E. Tropicana Ave. near Maryland Pkwy.","Las Vegas","NV","","Bars/Clubs",1974,NA,NA,NA,"4/26/2020 1:42am","7/27/2020 1:20pm","1317 E. Tropicana Ave. near Maryland Pkwy., Las Vegas, NV","-115.1354155","36.0966417","5130 s maryland pkwy, las vegas, nv 89119, usa","Geocoded"
22,"Royal Motel ","","615 Las Vegas Blvd. ","Las Vegas","NV","(H)","Hotels",1974,NA,NA,NA,"4/24/2020 12:14am","7/27/2020 1:20pm","615 Las Vegas Blvd. , Las Vegas, NV","-115.1443327","36.1626244","615 s las vegas blvd, las vegas, nv 89101, usa","Geocoded"
149,"Vegas Club Baths ","","1413 S. Main St. ","Las Vegas","NV","","Baths",1974,NA,NA,NA,"4/26/2020 1:43am","7/27/2020 1:20pm","1413 S. Main St. , Las Vegas, NV","-115.1536116","36.1542674","1413 s main st, las vegas, nv 89104, usa","Geocoded"
150,"Club Baths","","1030 W. 2nd St. ","Reno","NV","","Baths",1974,NA,NA,NA,"4/26/2020 1:44am","7/27/2020 1:20pm","1030 W. 2nd St. , Reno, NV","-119.826675","39.5241202","1030 w 2nd st, reno, nv 89503, usa","Geocoded"
151,"Dave's VIP Club ","(behind Westside Motel)","3001 W. 4th St. ","Reno","NV","(*),(D),(YC)","Bars/Clubs",1974,NA,NA,NA,"4/26/2020 1:44am","7/27/2020 1:20pm","3001 W. 4th St. , Reno, NV","-119.8489517","39.5198392","3001 w 4th st, reno, nv 89523, usa","Geocoded"
152,"Dave's Westside Motel","","3001 W. 4th St. ","Reno","NV","(H)","Hotels",1974,NA,NA,NA,"4/26/2020 1:45am","7/27/2020 1:20pm","3001 W. 4th St. , Reno, NV","-119.8489517","39.5198392","3001 w 4th st, reno, nv 89523, usa","Geocoded"
153,"Jade Room ","(Some G)","214 W. Commercial Row ","Reno","NV","(*),(G)","Bars/Clubs",1974,NA,NA,NA,"4/26/2020 1:45am","7/27/2020 1:20pm","214 W. Commercial Row , Reno, NV","-119.8166565","39.527426","214 w commercial row, reno, nv 89501, usa","Geocoded"
23,"Phil's Copper Club ","","1303 E. 4th Ave. ","Reno","NV","","Bars/Clubs",1974,NA,NA,NA,"4/24/2020 12:14am","7/27/2020 1:20pm","1303 E. 4th Ave. , Reno, NV","-119.7962145","39.5335972","1303 e 4th st, reno, nv 89512, usa","Geocoded"
154,"The Trapp ","","5201 W. 4th St. ","Reno","NV","(M),(D)","Bars/Clubs",1974,NA,NA,NA,"4/26/2020 1:46am","7/27/2020 1:20pm","5201 W. 4th St. , Reno, NV","-119.8660167","39.5123549","5201 w 4th st, reno, nv 89523, usa","Geocoded"
155,"Gaiety Theatre ","","1304 Las Vegas Blvd. S. ","Las Vegas","NV","(M)","Theatre",1975,NA,NA,NA,"4/26/2020 1:49am","7/27/2020 1:20pm","1304 Las Vegas Blvd. S. , Las Vegas, NV","-115.1502159","36.155252","1304 s las vegas blvd, las vegas, nv 89104, usa","Geocoded"
156,"King's Rest Motel ","","526 Las Vegas Blvd. S. ","Las Vegas","NV","(H)","Hotels",1975,NA,NA,NA,"4/26/2020 1:49am","7/27/2020 1:20pm","526 Las Vegas Blvd. S. , Las Vegas, NV","-115.1442793","36.1641822","526 s las vegas blvd, las vegas, nv 89101, usa","Geocoded"
157,"Le Cafe","Some (G)","4917 Paradise Rd. at Tropicana","Las Vegas","NV","(YC),(R),(D),(G),(*)","Restaurant",1975,NA,NA,NA,"4/26/2020 1:49am","7/27/2020 1:20pm","4917 Paradise Rd. at Tropicana, Las Vegas, NV","-115.171358","36.0996349","3801 s las vegas blvd, las vegas, nv 89109, usa","Geocoded"
159,"Red Barn "," ","1317 E. Tropicana Ave. near Maryland Pkwy.","Las Vegas","NV","(W),(*)","Bars/Clubs",1975,NA,NA,NA,"4/26/2020 1:51am","7/27/2020 1:20pm","1317 E. Tropicana Ave. near Maryland Pkwy., Las Vegas, NV","-115.1354155","36.0966417","5130 s maryland pkwy, las vegas, nv 89119, usa","Geocoded"
160,"Royal Motel ","","615 Las Vegas Blvd. ","Las Vegas","NV","(H)","Hotels",1975,NA,NA,NA,"4/26/2020 1:51am","7/27/2020 1:20pm","615 Las Vegas Blvd. , Las Vegas, NV","-115.1443327","36.1626244","615 s las vegas blvd, las vegas, nv 89101, usa","Geocoded"
161,"Vegas Club Baths ","","1413 S. Main St. ","Las Vegas","NV","(*)","Baths",1975,NA,NA,NA,"4/26/2020 1:52am","7/27/2020 1:20pm","1413 S. Main St. , Las Vegas, NV","-115.1536116","36.1542674","1413 s main st, las vegas, nv 89104, usa","Geocoded"
162,"Club Baths","","1030 W. 2nd St. ","Reno","NV","","Baths",1975,NA,NA,NA,"4/26/2020 1:52am","7/27/2020 1:20pm","1030 W. 2nd St. , Reno, NV","-119.826675","39.5241202","1030 w 2nd st, reno, nv 89503, usa","Geocoded"
163,"Dave's VIP Club ","(behind Westside Motel)","3001 W. 4th St. ","Reno","NV","(*),(D),(YC)","Bars/Clubs",1975,NA,NA,NA,"4/26/2020 1:52am","7/27/2020 1:20pm","3001 W. 4th St. , Reno, NV","-119.8489517","39.5198392","3001 w 4th st, reno, nv 89523, usa","Geocoded"
164,"Dave's Westside Motel","(may be adding baths)","3001 W. 4th St. ","Reno","NV","","Hotels",1975,NA,NA,NA,"4/26/2020 1:53am","7/27/2020 1:20pm","3001 W. 4th St. , Reno, NV","-119.8489517","39.5198392","3001 w 4th st, reno, nv 89523, usa","Geocoded"
165,"Jade Room ","(Some G)","214 W. Commercial Row ","Reno","NV","(*),(G)","Bars/Clubs",1975,NA,NA,NA,"4/26/2020 1:54am","7/27/2020 1:20pm","214 W. Commercial Row , Reno, NV","-119.8166565","39.527426","214 w commercial row, reno, nv 89501, usa","Geocoded"
24,"Prime Rib Room ","(7th floor) Harold's Club","300 N. Virginia St. ","Reno","NV","(M),(R)","Restaurant",1975,NA,NA,NA,"4/24/2020 12:14am","7/27/2020 1:20pm","300 N. Virginia St. , Reno, NV","-119.8137852","39.5291224","300 n virginia st, reno, nv 89501, usa","Geocoded"
166,"Trapp ","","5201 W. 4th St. ","Reno","NV","(M),(D)","Bars/Clubs",1975,NA,NA,NA,"4/26/2020 1:55am","7/27/2020 1:20pm","5201 W. 4th St. , Reno, NV","-119.8660167","39.5123549","5201 w 4th st, reno, nv 89523, usa","Geocoded"
167,"Gaiety Theatre ","","1304 Las Vegas Blvd. S. ","Las Vegas","NV","(M)","Theatre",1976,NA,NA,NA,"4/26/2020 1:57am","7/27/2020 1:20pm","1304 Las Vegas Blvd. S. , Las Vegas, NV","-115.1502159","36.155252","1304 s las vegas blvd, las vegas, nv 89104, usa","Geocoded"
168,"King's Rest Motel ","","526 Las Vegas Blvd. S. ","Las Vegas","NV","(H),(M)","Hotels",1976,NA,NA,NA,"4/26/2020 1:58am","7/27/2020 1:20pm","526 Las Vegas Blvd. S. , Las Vegas, NV","-115.1442793","36.1641822","526 s las vegas blvd, las vegas, nv 89101, usa","Geocoded"
169,"Le Cafe","(Some G) (Disco)","4917 Paradise Rd. at Tropicana","Las Vegas","NV","(YC),(D),(G),(*)","Bars/Clubs",1976,NA,NA,NA,"4/26/2020 1:58am","7/27/2020 1:20pm","4917 Paradise Rd. at Tropicana, Las Vegas, NV","-115.171358","36.0996349","3801 s las vegas blvd, las vegas, nv 89109, usa","Geocoded"
26,"Old Memories Antique Shop ","","1431 E. Charleston, No. 8","Las Vegas","NV","","Business",1976,NA,NA,NA,"4/24/2020 12:14am","7/27/2020 1:20pm","1431 E. Charleston, No. 8, Las Vegas, NV","-115.132914","36.1594184","1431 e charleston blvd #8, las vegas, nv 89104, usa","Geocoded"
171,"Red Barn "," ","1317 E. Tropicana Ave. near Maryland Pkwy.","Las Vegas","NV","(*)","Bars/Clubs",1976,NA,NA,NA,"4/26/2020 2:01am","7/27/2020 1:20pm","1317 E. Tropicana Ave. near Maryland Pkwy., Las Vegas, NV","-115.1354155","36.0966417","5130 s maryland pkwy, las vegas, nv 89119, usa","Geocoded"
172,"Royal Motel ","","615 Las Vegas Blvd. S.","Las Vegas","NV","(H),(M)","Hotels",1976,NA,NA,NA,"4/26/2020 2:01am","7/27/2020 1:20pm","615 Las Vegas Blvd. S., Las Vegas, NV","-115.1443327","36.1626244","615 s las vegas blvd, las vegas, nv 89101, usa","Geocoded"
173,"Vegas Club Baths ","","1413 S. Main St. ","Las Vegas","NV","(*)","Baths",1976,NA,NA,NA,"4/26/2020 2:02am","7/27/2020 1:20pm","1413 S. Main St. , Las Vegas, NV","-115.1536116","36.1542674","1413 s main st, las vegas, nv 89104, usa","Geocoded"
174,"Club Baths","","1030 W. 2nd St. ","Reno","NV","","Baths",1976,NA,NA,NA,"4/26/2020 2:04am","7/27/2020 1:20pm","1030 W. 2nd St. , Reno, NV","-119.826675","39.5241202","1030 w 2nd st, reno, nv 89503, usa","Geocoded"
29,"Dave's Baths ","(part operational- scheduled for completion Summer '75)","3001 W. 4th St. ","Reno","NV","","Baths",1976,NA,NA,NA,"4/24/2020 12:14am","7/27/2020 1:20pm","3001 W. 4th St. , Reno, NV","-119.8489517","39.5198392","3001 w 4th st, reno, nv 89523, usa","Geocoded"
175,"Dave's VIP Club ","(behind Westside Motel)","3001 W. 4th St. ","Reno","NV","(*),(D),(YC)","Bars/Clubs",1976,NA,NA,NA,"4/26/2020 2:05am","7/27/2020 1:20pm","3001 W. 4th St. , Reno, NV","-119.8489517","39.5198392","3001 w 4th st, reno, nv 89523, usa","Geocoded"
176,"Dave's Westside Motel","","3001 W. 4th St. ","Reno","NV","","Hotels",1976,NA,NA,NA,"4/26/2020 2:06am","7/27/2020 1:20pm","3001 W. 4th St. , Reno, NV","-119.8489517","39.5198392","3001 w 4th st, reno, nv 89523, usa","Geocoded"
177,"Jade Room ","(Some G)","214 W. Commercial Row ","Reno","NV","(*),(G)","Bars/Clubs",1976,NA,NA,NA,"4/26/2020 2:06am","7/27/2020 1:20pm","214 W. Commercial Row , Reno, NV","-119.8166565","39.527426","214 w commercial row, reno, nv 89501, usa","Geocoded"
178,"Trapp ","","5201 W. 4th St. ","Reno","NV","(M),(D)","Bars/Clubs",1976,NA,NA,NA,"4/26/2020 2:07am","7/27/2020 1:20pm","5201 W. 4th St. , Reno, NV","-119.8660167","39.5123549","5201 w 4th st, reno, nv 89523, usa","Geocoded"
32,"Confederacy ","(Disco)","1511 S. Main St. ","Las Vegas","NV","(YC),(D),(*)","Bars/Clubs",1977,NA,NA,NA,"4/24/2020 12:14am","7/27/2020 1:20pm","1511 S. Main St. , Las Vegas, NV","-115.1536669","36.1530287","1511 s main st, las vegas, nv 89104, usa","Geocoded"
33,"Four Mile Bar ","","3642 Boulder Highway","Las Vegas","NV","(M)","Bars/Clubs",1977,NA,NA,NA,"4/24/2020 12:14am","7/27/2020 1:20pm","3642 Boulder Highway, Las Vegas, NV","-115.0969406","36.1405432","3642 boulder hwy, las vegas, nv 89121, usa","Geocoded"
34,"Gaiety Theatre ","","1304 Las Vegas Blvd. S. ","Las Vegas","NV","(M)","Theatre",1977,NA,NA,NA,"4/24/2020 12:14am","7/27/2020 1:20pm","1304 Las Vegas Blvd. S. , Las Vegas, NV","-115.1502159","36.155252","1304 s las vegas blvd, las vegas, nv 89104, usa","Geocoded"
35,"Italian Village ","(Italian)","4000 Boulder Highway","Las Vegas","NV","(M),(R)","Restaurant",1977,NA,NA,NA,"4/24/2020 12:14am","7/27/2020 1:20pm","4000 Boulder Highway, Las Vegas, NV","-115.0880683","36.1329137","4000 boulder hwy, las vegas, nv 89121, usa","Geocoded"
36,"Le Cafe ","(Disco)(Some G)","4917 Paradise Road at Tropicana","Las Vegas","NV","(YC),(D),(G),(*)","Bars/Clubs",1977,NA,NA,NA,"4/24/2020 12:14am","7/27/2020 1:20pm","4917 Paradise Road at Tropicana, Las Vegas, NV","-115.171358","36.0996349","3801 s las vegas blvd, las vegas, nv 89109, usa","Geocoded"
37,"Manhattan Hotel ","(Baths)","1130 S. Casino Ctr. Bl. ","Las Vegas","NV","","Baths,Hotels",1977,NA,NA,NA,"4/24/2020 12:14am","7/27/2020 1:20pm","1130 S. Casino Ctr. Bl. , Las Vegas, NV","-115.1524842","36.1576438","1130 s casino center blvd, las vegas, nv 89104, usa","Geocoded"
39,"Red Barn ","(Game room)","1317 E. Tropicana near Maryland Parkway","Las Vegas","NV","(E),(*)","Bars/Clubs",1977,NA,NA,NA,"4/24/2020 12:14am","7/27/2020 1:20pm","1317 E. Tropicana near Maryland Parkway, Las Vegas, NV","-115.1354155","36.0966417","5130 s maryland pkwy, las vegas, nv 89119, usa","Geocoded"
40,"Royal Motel ","","615 Las Vegas Blvd. ","Las Vegas","NV","(M),(H)","Hotels",1977,NA,NA,NA,"4/24/2020 12:14am","7/27/2020 1:20pm","615 Las Vegas Blvd. , Las Vegas, NV","-115.1443327","36.1626244","615 s las vegas blvd, las vegas, nv 89101, usa","Geocoded"
41,"Sixteen-Ten","","1610 E. Charleston Blvd. ","Las Vegas","NV","(*)","Bars/Clubs",1977,NA,NA,NA,"4/24/2020 12:14am","7/27/2020 1:20pm","1610 E. Charleston Blvd. , Las Vegas, NV","-115.1301576","36.1585431","1610 e charleston blvd, las vegas, nv 89104, usa","Geocoded"
45,"Calvi's ","","73 N. Sierra","Reno","NV","","Bars/Clubs",1977,NA,NA,NA,"4/24/2020 12:14am","7/27/2020 1:20pm","73 N. Sierra, Reno, NV","-119.814769","39.5250538","73 n sierra st, reno, nv 89501, usa","Geocoded"
46,"Club Baths","","1030 W. 2nd St. ","Reno","NV","","Baths",1977,NA,NA,NA,"4/24/2020 12:14am","7/27/2020 1:20pm","1030 W. 2nd St. , Reno, NV","-119.826675","39.5241202","1030 w 2nd st, reno, nv 89503, usa","Geocoded"
47,"Dave's VIP Club ","(behind Westside Motel)","3001 W. 4th St. ","Reno","NV","(D),(*)","Bars/Clubs",1977,NA,NA,NA,"4/24/2020 12:14am","7/27/2020 1:20pm","3001 W. 4th St. , Reno, NV","-119.8489517","39.5198392","3001 w 4th st, reno, nv 89523, usa","Geocoded"
48,"Dave's Westside Motel & Spa","","3001 W. 4th St. ","Reno","NV","","Hotels",1977,NA,NA,NA,"4/24/2020 12:14am","7/27/2020 1:20pm","3001 W. 4th St. , Reno, NV","-119.8489517","39.5198392","3001 w 4th st, reno, nv 89523, usa","Geocoded"
49,"Jade Room","(Some G)","214 W. Commercial Row","Reno","NV","(G),(PT),(*)","Bars/Clubs",1977,NA,NA,NA,"4/24/2020 12:14am","7/27/2020 1:20pm","214 W. Commercial Row, Reno, NV","-119.8166565","39.527426","214 w commercial row, reno, nv 89501, usa","Geocoded"
51,"Paul's Lounge ","(Some YC, W)(3 rooms)","132 West St. ","Reno","NV","(*),(YC),(W),(PT),(D)","Bars/Clubs",1977,NA,NA,NA,"4/24/2020 12:14am","7/27/2020 1:20pm","132 West St. , Reno, NV","-119.8154032","39.5258506","132 west st, reno, nv 89501, usa","Geocoded"
52,"Trapp","(Some G, W, SM)","5201 W. 4th St. ","Reno","NV","(M),(G),(W),(SM),(*)","Bars/Clubs",1977,NA,NA,NA,"4/24/2020 12:14am","7/27/2020 1:20pm","5201 W. 4th St. , Reno, NV","-119.8660167","39.5123549","5201 w 4th st, reno, nv 89523, usa","Geocoded"
54,"Alibi Room ","(Some OC)","3733 Las Vegas Blvd. ","Las Vegas","NV","(OC)","Bars/Clubs",1978,NA,NA,NA,"4/24/2020 12:14am","7/27/2020 1:20pm","3733 Las Vegas Blvd. , Las Vegas, NV","-115.1725051","36.1073517","3733 s las vegas blvd, las vegas, nv 89109, usa","Geocoded"
55,"Italian Village","(Italian R)","4000 Boulder Hwy. ","Las Vegas","NV","(M),(R)","Restaurant",1978,NA,NA,NA,"4/24/2020 12:14am","7/27/2020 1:20pm","4000 Boulder Hwy. , Las Vegas, NV","-115.0880683","36.1329137","4000 boulder hwy, las vegas, nv 89121, usa","Geocoded"
56,"Le Cafe ","(Disco)(Some G)('Packed' 2 a.m. to 6 a.m).","4917 Paradise Rd. at Tropicana","Las Vegas","NV","(*),(YC),(D),(E),(G)","Bars/Clubs",1978,NA,NA,NA,"4/24/2020 12:14am","7/27/2020 1:20pm","4917 Paradise Rd. at Tropicana, Las Vegas, NV","-115.171358","36.0996349","3801 s las vegas blvd, las vegas, nv 89109, usa","Geocoded"
57,"Manhattan Hotel ","(baths)(upstairs) ","1130 So. Casino Center Blvd. ","Las Vegas","NV","","Hotels,Baths",1978,NA,NA,NA,"4/24/2020 12:14am","7/27/2020 1:20pm","1130 So. Casino Center Blvd. , Las Vegas, NV","-115.1524842","36.1576438","1130 s casino center blvd, las vegas, nv 89104, usa","Geocoded"
59,"Red Barn ","(Game room)","1317 E. Tropicana nr. Maryland Parkway ","Las Vegas","NV","(E),(*)","Bars/Clubs",1978,NA,NA,NA,"4/24/2020 12:14am","7/27/2020 1:20pm","1317 E. Tropicana nr. Maryland Parkway , Las Vegas, NV","-115.1353696","36.1008977","1317 e tropicana ave, las vegas, nv 89119, usa","Geocoded"
60,"Sixteen-Ten ","(Cruisy)(Game room)","1610 E. Charleston Blvd. ","Las Vegas","NV","Cruisy Area,(*),(PT)","Bars/Clubs,Cruising Areas",1978,NA,NA,NA,"4/24/2020 12:14am","7/27/2020 1:20pm","1610 E. Charleston Blvd. , Las Vegas, NV","-115.1301576","36.1585431","1610 e charleston blvd, las vegas, nv 89104, usa","Geocoded"
65,"Club Baths ","","1030 W. 2nd St. ","Reno","NV","(WE),(*)","Baths",1978,NA,NA,NA,"4/24/2020 12:14am","7/27/2020 1:20pm","1030 W. 2nd St. , Reno, NV","-119.826675","39.5241202","1030 w 2nd st, reno, nv 89503, usa","Geocoded"
66,"Dave's VIP Club ","& adjacent Dave's Westside Motel ","3001 W. 4th St. ","Reno","NV","(YC),(D),(*),(H)","Hotels,Bars/Clubs",1978,NA,NA,NA,"4/24/2020 12:14am","7/27/2020 1:20pm","3001 W. 4th St. , Reno, NV","-119.8489517","39.5198392","3001 w 4th st, reno, nv 89523, usa","Geocoded"
67,"Jade Room ","(may be closing) ","214 W. Commerical Row ","Reno","NV","(OC),(PT)","Bars/Clubs",1978,NA,NA,NA,"4/24/2020 12:14am","7/27/2020 1:20pm","214 W. Commerical Row , Reno, NV","-119.8166565","39.527426","214 w commercial row, reno, nv 89501, usa","Geocoded"
69,"Paul's Lounge ","(Some G)(3 rooms) ","132 West St. ","Reno","NV","(YC),(D),(PT),(*),(G)","Bars/Clubs",1978,NA,NA,NA,"4/24/2020 12:14am","7/27/2020 1:20pm","132 West St. , Reno, NV","-119.8154032","39.5258506","132 west st, reno, nv 89501, usa","Geocoded"
70,"Roughrider ","(Some G)(Plans (H) & Sauna)(Looks promising) ","7350 W. 4th St. ","Reno","NV","(W),(G),(H)","Hotels",1978,NA,NA,NA,"4/24/2020 12:14am","7/27/2020 1:20pm","7350 W. 4th St. , Reno, NV","-119.8819399","39.5099438","7350 w 4th st, reno, nv 89523, usa","Geocoded"
71,"Trapp ","(Some W, SM, G)(Good days) ","5201 W. 4th St. ","Reno","NV","(W),(SM),(G),(*)","Bars/Clubs",1978,NA,NA,NA,"4/24/2020 12:14am","7/27/2020 1:20pm","5201 W. 4th St. , Reno, NV","-119.8660167","39.5123549","5201 w 4th st, reno, nv 89523, usa","Geocoded"
75,"Alibi Room ","","3733 Las Vegas Blvd. ","Las Vegas","NV","","Bars/Clubs",1979,NA,NA,NA,"4/24/2020 12:14am","7/27/2020 1:20pm","3733 Las Vegas Blvd. , Las Vegas, NV","-115.1725051","36.1073517","3733 s las vegas blvd, las vegas, nv 89109, usa","Geocoded"
76,"Italian Village ","(Italian R)","4000 Boulder Hwy. ","Las Vegas","NV","(M),(R)","Restaurant",1979,NA,NA,NA,"4/24/2020 12:14am","7/27/2020 1:20pm","4000 Boulder Hwy. , Las Vegas, NV","-115.0880683","36.1329137","4000 boulder hwy, las vegas, nv 89121, usa","Geocoded"
77,"Las Vegas Spa ","(Baths)(Upstairs- newly refurbished) ","1130 S. Casino Center Blvd. ","Las Vegas","NV","(*)","Baths",1979,NA,NA,NA,"4/24/2020 12:14am","7/27/2020 1:20pm","1130 S. Casino Center Blvd. , Las Vegas, NV","-115.1524842","36.1576438","1130 s casino center blvd, las vegas, nv 89104, usa","Geocoded"
78,"Le Cafe ","(Disco)(Some G)(Packed 2am-5am)","4917 Paradise Rd. at Tropicana","Las Vegas","NV","(*),(YC),(D),(E),(G)","Bars/Clubs",1979,NA,NA,NA,"4/24/2020 12:14am","7/27/2020 1:20pm","4917 Paradise Rd. at Tropicana, Las Vegas, NV","-115.171358","36.0996349","3801 s las vegas blvd, las vegas, nv 89109, usa","Geocoded"
80,"Other Place ","(Piano bar)(Should be a winner)","5410 Paradise Rd. ","Las Vegas","NV","(E),(PT)","Bars/Clubs",1979,NA,NA,NA,"4/24/2020 12:14am","7/27/2020 1:20pm","5410 Paradise Rd. , Las Vegas, NV","-115.1466197","36.0906269","5410 paradise rd, las vegas, nv 89119, usa","Geocoded"
82,"Red Barn ","(Games & slots)","1317 E. Tropicana nr. Maryland Parkway","Las Vegas","NV","","Bars/Clubs",1979,NA,NA,NA,"4/24/2020 12:14am","7/27/2020 1:20pm","1317 E. Tropicana nr. Maryland Parkway, Las Vegas, NV","-115.1353696","36.1008977","1317 e tropicana ave, las vegas, nv 89119, usa","Geocoded"
83,"Sixteen-Ten ","(Cruisy)(Game room)","1610 E. Charleston Blvd. ","Las Vegas","NV","(*),Cruisy Area,(PT)","Bars/Clubs,Cruising Areas",1979,NA,NA,NA,"4/24/2020 12:14am","7/27/2020 1:20pm","1610 E. Charleston Blvd. , Las Vegas, NV","-115.1301576","36.1585431","1610 e charleston blvd, las vegas, nv 89104, usa","Geocoded"
84,"Snick's ","(Dull)","1402 S. 4th St. ","Las Vegas","NV","(M),(PT)","Bars/Clubs",1979,NA,NA,NA,"4/24/2020 12:14am","7/27/2020 1:20pm","1402 S. 4th St. , Las Vegas, NV","-115.1509326","36.1543875","1402 s 4th st, las vegas, nv 89104, usa","Geocoded"
85,"Star Motel ","","1418 S. 4th St. ","Las Vegas","NV","(M),(H)","Hotels",1979,NA,NA,NA,"4/24/2020 12:14am","7/27/2020 1:20pm","1418 S. 4th St. , Las Vegas, NV","-115.1509326","36.1543875","1418 s 4th st, las vegas, nv 89104, usa","Geocoded"
86,"Talk of the Town Book Store ","(peep show- cruisy arcade)","2232 E. Charleston Blvd. ","Las Vegas","NV","Cruisy Area","Book Store,Cruising Areas",1979,NA,NA,NA,"4/24/2020 12:14am","7/27/2020 1:20pm","2232 E. Charleston Blvd. , Las Vegas, NV","-115.1173872","36.158786","2232 e charleston blvd, las vegas, nv 89104, usa","Geocoded"
89,"Club Baths ","('Tired')","1030 W. 2nd St. ","Reno","NV","","Baths",1979,NA,NA,NA,"4/24/2020 12:14am","7/27/2020 1:20pm","1030 W. 2nd St. , Reno, NV","-119.826675","39.5241202","1030 w 2nd st, reno, nv 89503, usa","Geocoded"
90,"Dave's V.I.P. Club ","& adjacent Dave's Westside Motel ","3001 W. 4th St. ","Reno","NV","(YC),(D),(*),(H)","Hotels,Bars/Clubs",1979,NA,NA,NA,"4/24/2020 12:14am","7/27/2020 1:20pm","3001 W. 4th St. , Reno, NV","-119.8489517","39.5198392","3001 w 4th st, reno, nv 89523, usa","Geocoded"
92,"Paul's Lounge ","(Some G)(3 rooms)","132 West St. ","Reno","NV","(YC),(D),(PT),(*),(G)","Bars/Clubs",1979,NA,NA,NA,"4/24/2020 12:14am","7/27/2020 1:20pm","132 West St. , Reno, NV","-119.8154032","39.5258506","132 west st, reno, nv 89501, usa","Geocoded"
93,"Trapp ","(Some W, G)(Open days)","5201 W. 4th ","Reno","NV","(M),(W),(G)","Bars/Clubs",1979,NA,NA,NA,"4/24/2020 12:14am","7/27/2020 1:20pm","5201 W. 4th , Reno, NV","-119.8660167","39.5123549","5201 w 4th st, reno, nv 89523, usa","Geocoded"
97,"Back Door ","(Could be a winner)(Use back door)","1415 E. Charleston","Las Vegas","NV","(PT)","Bars/Clubs",1980,NA,NA,NA,"4/24/2020 12:14am","7/27/2020 1:20pm","1415 E. Charleston, Las Vegas, NV","-115.133304","36.159214","1415 e charleston blvd, las vegas, nv 89104, usa","Geocoded"
98,"Bookworm ","(Bookstore) ","1350 E. Flamingo Rd. ","Las Vegas","NV","","Book Store",1980,NA,NA,NA,"4/24/2020 12:14am","7/27/2020 1:20pm","1350 E. Flamingo Rd. , Las Vegas, NV","-115.1345664","36.1155052","1350 e flamingo rd, las vegas, nv 89119, usa","Geocoded"
99,"Casa Malaga Motel ","","4615 Las Vegas Blvd. S. ","Las Vegas","NV","(H)","Hotels",1980,NA,NA,NA,"4/24/2020 12:14am","7/27/2020 1:20pm","4615 Las Vegas Blvd. S. , Las Vegas, NV","-115.171965","36.086333","4615 s las vegas blvd, las vegas, nv 89119, usa","Geocoded"
180,"Manhattan Health Spa ","Manhattan Hotel","15 E. California at Casino Center Blvd. ","Las Vegas","NV","(*)","Hotels",1980,NA,NA,NA,"4/26/2020 3:27am","7/27/2020 1:20pm","15 E. California at Casino Center Blvd. , Las Vegas, NV","-115.1441993","36.1730292","12 e ogden ave, las vegas, nv 89101, usa","Geocoded"
182,"Other Place ","(Piano bar) ","5410 Paradise Rd. ","Las Vegas","NV","(E),(PT),(D),(WE),(*)","Bars/Clubs",1980,NA,NA,NA,"4/26/2020 3:27am","7/27/2020 1:20pm","5410 Paradise Rd. , Las Vegas, NV","-115.1466197","36.0906269","5410 paradise rd, las vegas, nv 89119, usa","Geocoded"
184,"Prelude ","(Disco)","4310 Paradise Rd. ","Las Vegas","NV","(D)","Bars/Clubs",1980,NA,NA,NA,"4/26/2020 3:27am","7/27/2020 1:20pm","4310 Paradise Rd. , Las Vegas, NV","-115.1530702","36.1113874","4310 paradise rd, las vegas, nv 89109, usa","Geocoded"
185,"Red Barn ","(Games & Slots)","1317 E. Tropicana nr. Maryland","Las Vegas","NV","(WE),(*)","Bars/Clubs",1980,NA,NA,NA,"4/26/2020 3:27am","7/27/2020 1:20pm","1317 E. Tropicana nr. Maryland, Las Vegas, NV","-115.1353696","36.1008977","1317 e tropicana ave, las vegas, nv 89119, usa","Geocoded"
186,"Sixteen-Ten","(Cruisy)(Game room)","1610 E. Charleston Blvd.","Las Vegas","NV","(*),Cruisy Area,(PT)","Cruising Areas,Bars/Clubs",1980,NA,NA,NA,"4/26/2020 3:27am","7/27/2020 1:20pm","1610 E. Charleston Blvd., Las Vegas, NV","-115.1301576","36.1585431","1610 e charleston blvd, las vegas, nv 89104, usa","Geocoded"
187,"Snick's ","(Dull)","1402 S. 4th St. ","Las Vegas","NV","(M),(PT)","Bars/Clubs",1980,NA,NA,NA,"4/26/2020 3:27am","7/27/2020 1:20pm","1402 S. 4th St. , Las Vegas, NV","-115.1509326","36.1543875","1402 s 4th st, las vegas, nv 89104, usa","Geocoded"
188,"Star Motel ","","1418 S. 4th St. ","Las Vegas","NV","(M),(H)","Hotels",1980,NA,NA,NA,"4/26/2020 3:27am","7/27/2020 1:20pm","1418 S. 4th St. , Las Vegas, NV","-115.1509326","36.1543875","1418 s 4th st, las vegas, nv 89104, usa","Geocoded"
189,"Studio 4","(Disco)","4605 Paradise Rd. ","Las Vegas","NV","(YC),(D),(*)","Bars/Clubs",1980,NA,NA,NA,"4/26/2020 3:27am","7/27/2020 1:20pm","4605 Paradise Rd. , Las Vegas, NV","-115.1518372","36.1059248","4605 paradise rd, las vegas, nv 89169, usa","Geocoded"
190,"Talk of the Town Book Store ","('Peep shows- cruisy arcade)(Peek-O-Rama)","2232 E. Charleston Blvd. ","Las Vegas","NV","(*)","Book Store,Cruising Areas",1980,NA,NA,NA,"4/26/2020 3:27am","7/27/2020 1:20pm","2232 E. Charleston Blvd. , Las Vegas, NV","-115.1173872","36.158786","2232 e charleston blvd, las vegas, nv 89104, usa","Geocoded"
194,"Club Baths ","('Tired')","1030 W. 2nd St. ","Reno","NV","","Baths",1980,NA,NA,NA,"4/26/2020 3:38am","7/27/2020 1:20pm","1030 W. 2nd St. , Reno, NV","-119.826675","39.5241202","1030 w 2nd st, reno, nv 89503, usa","Geocoded"
195,"Club 99 ","(Cruisy)","999 S. Virginia St. ","Reno","NV","Cruisy Area","Bars/Clubs,Cruising Areas",1980,NA,NA,NA,"4/26/2020 3:38am","7/27/2020 1:20pm","999 S. Virginia St. , Reno, NV","-119.8079718","39.5148074","999 s virginia st, reno, nv 89502, usa","Geocoded"
196,"Dave's V.I.P. Club ","& adjacent Dave's Westside Motel","3001 W. 4th St. ","Reno","NV","(YC),(D),(*),(H)","Hotels,Bars/Clubs",1980,NA,NA,NA,"4/26/2020 3:38am","7/27/2020 1:20pm","3001 W. 4th St. , Reno, NV","-119.8489517","39.5198392","3001 w 4th st, reno, nv 89523, usa","Geocoded"
197,"Exchange ","(some OC, L)","1278 S. Virginia","Reno","NV","(OC),(L)","Bars/Clubs",1980,NA,NA,NA,"4/26/2020 3:38am","7/27/2020 1:20pm","1278 S. Virginia, Reno, NV","-119.8059973","39.5119947","1278 s virginia st, reno, nv 89502, usa","Geocoded"
199,"Mahone's ","(Some L)(On again, off again)","7350 W. 4th St. ","Reno","NV","(L)","Bars/Clubs",1980,NA,NA,NA,"4/26/2020 3:38am","7/27/2020 1:20pm","7350 W. 4th St. , Reno, NV","-119.8819399","39.5099438","7350 w 4th st, reno, nv 89523, usa","Geocoded"
200,"Paul's Lounge ","(Some L)(3 rooms)","132 West St. ","Reno","NV","(YC),(D),(PT),(*),(L)","Bars/Clubs",1980,NA,NA,NA,"4/26/2020 3:38am","7/27/2020 1:20pm","132 West St. , Reno, NV","-119.8154032","39.5258506","132 west st, reno, nv 89501, usa","Geocoded"
201,"Pop's Club 99 ","(Cruisy)(park in back)","1099 S. Virginia ","Reno","NV","Cruisy Area,(*),(D)","Bars/Clubs,Cruising Areas",1980,NA,NA,NA,"4/26/2020 3:43am","7/27/2020 1:20pm","1099 S. Virginia , Reno, NV","-119.8068978","39.5126766","1099 s virginia st, reno, nv 89502, usa","Geocoded"
202,"Trapp ","(Some W, L)(Open days)","5201 W. 4th ","Reno","NV","(M),(W),(L)","Bars/Clubs",1980,NA,NA,NA,"4/26/2020 3:43am","7/27/2020 1:20pm","5201 W. 4th , Reno, NV","-119.8660167","39.5123549","5201 w 4th st, reno, nv 89523, usa","Geocoded"
203,"Virginia St. Adult Book Store ","","961 S. Virginia St. ","Reno","NV","","Book Store",1980,NA,NA,NA,"4/26/2020 3:43am","7/27/2020 1:20pm","961 S. Virginia St. , Reno, NV","-119.8080632","39.5152543","961 s virginia st, reno, nv 89509, usa","Geocoded"
205,"Forum ","(Disco)(nr. MGM Hotel)(Some L)","B St. at Kietzke Lane ","Sparks","NV","(YC),(D),(*),(L)","Bars/Clubs,Hotels",1980,NA,NA,NA,"4/26/2020 3:47am","7/27/2020 1:20pm","B St. at Kietzke Lane , Sparks, NV","-119.7472097","39.5350234","316 victorian ave, sparks, nv 89431, usa","Geocoded"
30,"Back Door","(Best late) Roundhill Village Shopping Center South Lake Tahoe","","Lake Tahoe","NV","(M),(R),(D)","Restaurant",1977,"checked",NA,NA,"4/24/2020 12:14am","4/26/2020 2:10am",", NV","-119.943543","38.985396","unclear_coded_by_hand","Found"
53,"Back Door","(Best late) Roundhill Village Shopping Center- So. Lake Tahoe","","Lake Tahoe","NV","(M),(R),(D)","Restaurant",1978,"checked",NA,NA,"4/24/2020 12:14am","4/26/2020 2:31am",", NV","-119.943543","38.985396","unclear_coded_by_hand","Found"
74,"Back Door","(best late) Roundhill Village Shopping Center- S. Lake Tahoe","","Lake Tahoe","NV","(M),(R),(D)","Restaurant",1979,"checked",NA,NA,"4/24/2020 12:14am","4/26/2020 2:56am",", NV","-119.943543","38.985396","unclear_coded_by_hand","Found"
96,"Back Door","Round Hill Village, Zephyr Cove","","Lake Tahoe","NV","","Bars/Clubs",1980,"checked",NA,NA,"4/24/2020 12:14am","4/26/2020 3:22am",", NV","-119.943543","38.985396","unclear_coded_by_hand","Found"
8,"Centurion Club","(inquire locally)","","Las Vegas","NV","(P)","Bars/Clubs",1969,"checked",NA,NA,"4/24/2020 12:14am","4/26/2020 12:43am",", NV","-115.13983","36.169941","unclear_coded_by_hand","General Coordinates Used"
27,"Fantasy Park","","on Washington betw. Bruce & Las Vegas Blvd.","Las Vegas","NV","","Cruising Areas",1976,"checked",NA,NA,"4/24/2020 12:14am","4/26/2020 2:03am","on Washington betw. Bruce & Las Vegas Blvd., NV","-115.129069","36.182345","unclear_coded_by_hand","Found"
191,"Fantasy Park","","Washington betw. Bruce & Las Vegas","Las Vegas","NV","","Cruising Areas",1980,"checked",NA,NA,"4/26/2020 3:27am","4/26/2020 3:38am","Washington betw. Bruce & Las Vegas, NV","-115.129069","36.182345","unclear_coded_by_hand","Found"
42,"Fantasy Park","","Washington between Bruce & Las Vegas Blvd.","Las Vegas","NV","","Cruising Areas",1977,"checked",NA,NA,"4/24/2020 12:14am","4/26/2020 2:19am","Washington between Bruce & Las Vegas Blvd., NV","-115.129069","36.182345","unclear_coded_by_hand","Found"
61,"Fantasy Park","","Washington betw. Bruce & Las Vegas Blvd.","Las Vegas","NV","","Cruising Areas",1978,"checked",NA,NA,"4/24/2020 12:14am","4/26/2020 2:40am","Washington betw. Bruce & Las Vegas Blvd., NV","-115.129069","36.182345","unclear_coded_by_hand","Found"
179,"Fantasy Park","","Washington betw. Bruce & Las Vegas Blvd.","Las Vegas","NV","","Cruising Areas",1979,"checked",NA,NA,"4/26/2020 3:06am","4/26/2020 3:07am","Washington betw. Bruce & Las Vegas Blvd., NV","-115.129069","36.182345","unclear_coded_by_hand","Found"
95,"Forum","(Disco)(nr. MGM Hotel)","B St. at Kietzke Lane","Sparks","NV","(YC),(D),(*)","Bars/Clubs,Hotels",1979,"checked",NA,NA,"4/24/2020 12:14am","7/20/2020 10:41am","B St. at Kietzke Lane, NV","-119.752689","39.534911","unclear_coded_by_hand","General Coordinates Used"
28,"Fremont St.","McDonald's to Union Plaza","McDonald's to Union Plaza","Las Vegas","NV","","Cruising Areas",1976,"checked",NA,NA,"4/24/2020 12:14am","4/26/2020 2:04am","McDonald's to Union Plaza, NV","-115.146163","36.171248","unclear_coded_by_hand","Found"
62,"Fremont St.","","McDonald's to Union Plaza","Las Vegas","NV","","Cruising Areas",1978,"checked",NA,NA,"4/24/2020 12:14am","4/26/2020 2:41am","McDonald's to Union Plaza, NV","-115.146163","36.171248","unclear_coded_by_hand","Found"
87,"Fremont St.","","McDonald's to Union Plaza","Las Vegas","NV","","Cruising Areas",1979,"checked",NA,NA,"4/24/2020 12:14am","4/26/2020 3:06am","McDonald's to Union Plaza, NV","-115.146163","36.171248","unclear_coded_by_hand","Found"
192,"Fremont St.","","McDonald's to Union Plaza","Las Vegas","NV","","Cruising Areas",1980,"checked",NA,NA,"4/26/2020 3:27am","4/26/2020 3:38am","McDonald's to Union Plaza, NV","-115.146163","36.171248","unclear_coded_by_hand","Found"
43,"Fremont Street","","McDonalds to Union Plaza","Las Vegas","NV","","Cruising Areas",1977,"checked",NA,NA,"4/24/2020 12:14am","4/26/2020 2:19am","McDonalds to Union Plaza, NV","-115.146163","36.171248","unclear_coded_by_hand","Found"
72,"Idlewild Park","","","Reno","NV","","Cruising Areas",1978,"checked",NA,NA,"4/24/2020 12:14am","4/26/2020 2:49am",", NV","-119.83298","39.521841","unclear_coded_by_hand","Found"
94,"Idlewild Park","","","Reno","NV","","Cruising Areas",1979,"checked",NA,NA,"4/24/2020 12:14am","4/26/2020 3:20am",", NV","-119.83298","39.521841","unclear_coded_by_hand","Found"
204,"Idlewild Park","","","Reno","NV","","Cruising Areas",1980,"checked",NA,NA,"4/26/2020 3:43am","4/26/2020 3:47am",", NV","-119.83298","39.521841","unclear_coded_by_hand","Found"
73,"J.J.W.'s","(a 'first' for this city- looks promising)","4750 Hwy. 50 E.","Carson City","NV","(M),(W),(D),(PT)","Bars/Clubs",1979,"checked",NA,NA,"4/24/2020 12:14am","4/26/2020 2:56am","4750 Hwy. 50 E., NV","-119.713962","39.185224","unclear_coded_by_hand","Found"
68,"Knights of Malta","Box 7726 Reno, Nevada 89502","","Reno","NV","(P),(SM)","Bars/Clubs",1978,"checked",NA,NA,"4/24/2020 12:14am","4/26/2020 2:46am",", NV","-119.813803","39.529633","unclear_coded_by_hand","General Coordinates Used"
50,"Knights of Malta","Box 7726 Reno, Nevada 89502","","Reno","NV","(P),(SM)","Bars/Clubs",1977,"checked",NA,NA,"4/24/2020 12:14am","4/26/2020 2:25am",", NV","-119.813803","39.529633","unclear_coded_by_hand","General Coordinates Used"
198,"Knights of Malta","Box 7726 Reno, Nevada 89502","","Reno","NV","(P),(SM)","Bars/Clubs",1980,"checked",NA,NA,"4/26/2020 3:38am","4/26/2020 3:43am",", NV","-119.813803","39.529633","unclear_coded_by_hand","General Coordinates Used"
132,"Le Cafe","Some (G)","Tropicana & Paradise","Las Vegas","NV","(YC),(R),(D),(G),(*)","Restaurant",1972,"checked",NA,NA,"4/26/2020 1:16am","4/26/2020 1:17am","Tropicana & Paradise, NV","-115.149773","36.101119","unclear_coded_by_hand","Found"
100,"Le Cafe","(Vegas 'top' disco burned, but should be re-locating & opening by summer '79)","","Las Vegas","NV","(*),(YC)","Bars/Clubs",1980,"checked",NA,NA,"4/24/2020 12:14am","4/26/2020 3:27am",", NV","-115.149773","36.101119","unclear_coded_by_hand","Found"
11,"Le Cafe/ Le Bistro","","Tropicana & Paradise","Las Vegas","NV","(G),(M),(D)","Bars/Clubs",1971,"checked",NA,NA,"4/24/2020 12:14am","4/26/2020 1:08am","Tropicana & Paradise, NV","-115.149773","36.101119","unclear_coded_by_hand","Found"
193,"Luck Lady Casino","Slots","3rd & Ogden","Las Vegas","NV","","Cruising Areas",1980,"checked",NA,NA,"4/26/2020 3:27am","4/26/2020 3:39am","3rd & Ogden, NV","-115.142149","36.171372","unclear_coded_by_hand","Found"
88,"Lucky Lady Casino","Slots","3rd & Ogden","Las Vegas","NV","","Cruising Areas",1979,"checked",NA,NA,"4/24/2020 12:14am","4/26/2020 3:07am","3rd & Ogden, NV","-115.142149","36.171372","unclear_coded_by_hand","Found"
1,"Maxine's","","Nellis & Charleston","Las Vegas","NV","","Bars/Clubs",1965,"checked",NA,NA,"4/23/2020 11:08pm","4/24/2020 12:16am","Nellis & Charleston, NV","-115.062381 (","36.159091","unclear_coded_by_hand","Found"
101,"Maxine's","","Nellis & Charleston Sts.","Las Vegas","NV","","Bars/Clubs",1966,"checked",NA,NA,"4/26/2020 12:32am","4/26/2020 12:33am","Nellis & Charleston Sts., NV","-115.062381 (","36.159091","unclear_coded_by_hand","Found"
105,"Maxine's","","Nellis & Charleston","Las Vegas","NV","","Bars/Clubs",1968,"checked",NA,NA,"4/26/2020 12:37am","4/26/2020 12:37am","Nellis & Charleston, NV","-115.062381 (","36.159091","unclear_coded_by_hand","Found"
110,"Maxine's","","Nellis & Charleston","Las Vegas","NV","(*)","Bars/Clubs",1969,"checked",NA,NA,"4/26/2020 12:44am","4/26/2020 12:44am","Nellis & Charleston, NV","-115.062381 (","36.159091","unclear_coded_by_hand","Found"
116,"Maxine's","","Nellis & Charleston","Las Vegas","NV","(*)","Bars/Clubs",1970,"checked",NA,NA,"4/26/2020 12:52am","4/26/2020 12:52am","Nellis & Charleston, NV","-115.062381 (","36.159091","unclear_coded_by_hand","Found"
124,"Maxine's","","Nellis & Charleston","Las Vegas","NV","(D)","Bars/Clubs",1971,"checked",NA,NA,"4/26/2020 1:09am","4/26/2020 1:09am","Nellis & Charleston, NV","-115.062381 (","36.159091","unclear_coded_by_hand","Found"
133,"Maxine's","","Nellis & Charleston","Las Vegas","NV","(D),(*)","Bars/Clubs",1972,"checked",NA,NA,"4/26/2020 1:18am","4/26/2020 1:18am","Nellis & Charleston, NV","-115.062381 (","36.159091","unclear_coded_by_hand","Found"
139,"Maxine's","(Some G)","Nellis & Charleston Rd.","Las Vegas","NV","(D),(*),(G),(S)","Bars/Clubs",1973,"checked",NA,NA,"4/26/2020 1:27am","4/26/2020 1:28am","Nellis & Charleston Rd., NV","-115.062381 (","36.159091","unclear_coded_by_hand","Found"
147,"Maxine's","(Some G)","Nellis & Charleston Rd.","Las Vegas","NV","(D),(*),(G),(S)","Bars/Clubs",1974,"checked",NA,NA,"4/26/2020 1:41am","4/26/2020 1:41am","Nellis & Charleston Rd., NV","-115.062381 (","36.159091","unclear_coded_by_hand","Found"
158,"Maxine's","(Some G)","Nellis & Charleston Rd.","Las Vegas","NV","(D),(G),(S)","Bars/Clubs",1975,"checked",NA,NA,"4/26/2020 1:50am","4/26/2020 1:50am","Nellis & Charleston Rd., NV","-115.062381 (","36.159091","unclear_coded_by_hand","Found"
170,"Maxine's","","Nellis & Charleston Rd.","Las Vegas","NV","(D),(G),(S)","Bars/Clubs",1976,"checked",NA,NA,"4/26/2020 1:59am","4/26/2020 2:00am","Nellis & Charleston Rd., NV","-115.062381 (","36.159091","unclear_coded_by_hand","Found"
38,"Maxine's","","Nellis & Charleston Roads","Las Vegas","NV","(G),(D),(S)","Bars/Clubs",1977,"checked",NA,NA,"4/24/2020 12:14am","4/26/2020 2:16am","Nellis & Charleston Roads, NV","-115.062381 (","36.159091","unclear_coded_by_hand","Found"
58,"Maxine's","","Nellis & Charleston Rds.","Las Vegas","NV","(G),(D),(S)","Bars/Clubs",1978,"checked",NA,NA,"4/24/2020 12:14am","4/26/2020 2:37am","Nellis & Charleston Rds., NV","-115.062381 (","36.159091","unclear_coded_by_hand","Found"
79,"Maxine's","","Nellis & Charleston","Las Vegas","NV","(M),(OC),(G),(D),(S)","Bars/Clubs",1979,"checked",NA,NA,"4/24/2020 12:14am","4/26/2020 3:01am","Nellis & Charleston, NV","-115.062381 (","36.159091","unclear_coded_by_hand","Found"
181,"Maxine's","","Nellis & Charleston","Las Vegas","NV","(M),(OC),(L),(D),(S)","Bars/Clubs",1980,"checked",NA,NA,"4/26/2020 3:27am","4/26/2020 3:29am","Nellis & Charleston, NV","-115.062381 (","36.159091","unclear_coded_by_hand","Found"
91,"Nights of Malta","Box 7726 Reno, Nevada 89502","","Reno","NV","(P),(SM)","Bars/Clubs",1979,"checked",NA,NA,"4/24/2020 12:14am","4/26/2020 3:17am",", NV","-119.813803","39.529633","unclear_coded_by_hand","General Coordinates Used"
63,"Peek-O-Rama","(Adult Cinema)","Charleston at Eastern","Las Vegas","NV","","Cruising Areas",1978,"checked",NA,NA,"4/24/2020 12:14am","4/26/2020 2:41am","Charleston at Eastern, NV","-115.11878","36.158897","unclear_coded_by_hand","Found"
183,"Peek-O-Rama","(Books & arcade)","","Las Vegas","NV","(*)","Book Store",1980,"checked",NA,NA,"4/26/2020 3:27am","4/26/2020 3:30am",", NV","-115.11878","36.158897","unclear_coded_by_hand","Found"
81,"Peek-O-Rama","(Books & arcade)","Charleston & Fremont","Las Vegas","NV","","Book Store",1979,"checked",NA,NA,"4/24/2020 12:14am","4/26/2020 3:03am","Charleston & Fremont, NV","-115.116317","36.158774","unclear_coded_by_hand","Found"
25,"Pine Cone Bar","(late) Sahara Hotel","","Stateline","NV","(M)","Bars/Clubs,Hotels",1975,"checked",NA,NA,"4/24/2020 12:14am","7/20/2020 10:41am",", NV","-119.941871","38.96277","unclear_coded_by_hand","Found"
7,"Red Barn","Tropicana Hotel (After 2am)","","Las Vegas","NV","","Bars/Clubs,Hotels",1968,"checked",NA,NA,"4/24/2020 12:14am","7/20/2020 10:41am",", NV","-115.13537","36.100898","unclear_coded_by_hand","Found"
111,"Red Barn","","Tropicana Rd. nr Paradise Rd.","Las Vegas","NV","","Bars/Clubs",1969,"checked",NA,NA,"4/26/2020 12:45am","4/26/2020 12:47am","Tropicana Rd. nr Paradise Rd., NV","-115.13537","36.100898","unclear_coded_by_hand","Found"
117,"Red Barn","","Tropicana Rd. nr Paradise","Las Vegas","NV","","Bars/Clubs",1970,"checked",NA,NA,"4/26/2020 12:52am","4/26/2020 12:53am","Tropicana Rd. nr Paradise, NV","-115.13537","36.100898","unclear_coded_by_hand","Found"
64,"Talk of the Town","(peep shows)","Charleston at Eastern","Las Vegas","NV","","Cruising Areas",1978,"checked",NA,NA,"4/24/2020 12:14am","4/26/2020 2:42am","Charleston at Eastern, NV","-115.11878","36.158897","unclear_coded_by_hand","Found"
44,"Talk of the Town","(peep shows)","E. Charleston at Eastern","Las Vegas","NV","(*)","Cruising Areas",1977,"checked",NA,NA,"4/24/2020 12:14am","4/26/2020 2:20am","E. Charleston at Eastern, NV","-115.11878","36.158897","unclear_coded_by_hand","Found"
31,"Village Pub","Incline Village Shopping Center, Incline Village (No. Shore)","","Lake Tahoe","NV","(M)","Bars/Clubs",1977,"checked",NA,NA,"4/24/2020 12:14am","4/26/2020 2:10am",", NV","-119.952685 (","39.249683","unclear_coded_by_hand","General Coordinates Used"
