"ID","Title","description","streetaddress","city","state","amenityfeatures","type","Year","unclearaddress","uncleartype","notes","dateadded","lastmodified","full.address","lon","lat","geoAddress","status"
1,"Erie Rex Lounge","(Cruisy-WE)","Hwy. 10 E","Detroit Lakes","MN","(M),(R),(E),(WE)","Cruising Areas,Restaurant,Bars/Clubs",1980,NA,"","","3/26/2020 12:44am","7/23/2020 7:23pm","Hwy. 10 E, Detroit Lakes, MN","-95.8231186","46.8093797","us hwy 10, detroit lakes, mn 56501, usa","Geocoded"
2,"Duluth Hotel Bar","","231 E. Superior","Duluth","MN","(M)","Hotels,Bars/Clubs",1980,NA,"","","3/26/2020 12:44am","7/23/2020 7:23pm","231 E. Superior, Duluth, MN","-92.0950194","46.7897626","231 e superior st, duluth, mn 55802, usa","Geocoded"
3,"Duluth Steam Baths","(Closes 12 midnight)","18 N. 1st Ave. E.","Duluth","MN","","Baths",1980,NA,"","","3/26/2020 12:44am","7/23/2020 7:23pm","18 N. 1st Ave. E., Duluth, MN","-92.0973096","46.7885323","18 n 1st ave e, duluth, mn 55802, usa","Geocoded"
4,"Mr. Pete's Corral","","412 W. Superior","Duluth","MN","(M),(RT)","Bars/Clubs",1980,NA,"","","3/26/2020 12:44am","7/23/2020 7:23pm","412 W. Superior, Duluth, MN","-92.1035256","46.7826887","412 w superior st, duluth, mn 55802, usa","Geocoded"
6,"Adonis Theatre","","900 Hennepin Ave.","Minneapolis","MN","","Theatre",1980,NA,"","","3/26/2020 12:44am","7/23/2020 7:23pm","900 Hennepin Ave., Minneapolis, MN","-93.2774221","44.9765348","900 hennepin ave, minneapolis, mn 55403, usa","Geocoded"
7,"Adult Book Store","","429 Hennepin Ave.","Minneapolis","MN","(*)","Book Store",1980,NA,"","","3/26/2020 12:44am","7/23/2020 7:23pm","429 Hennepin Ave., Minneapolis, MN","-93.2714908","44.9798928","429 hennepin ave, minneapolis, mn 55403, usa","Geocoded"
8,"Big Daddy'a","(Baths)","3 N. 7th Hennepin","Minneapolis","MN","(OC)","Baths",1980,NA,"","","3/26/2020 12:44am","7/23/2020 7:23pm","3 N. 7th Hennepin, Minneapolis, MN","-93.275496","44.978453","3 n 7th st, minneapolis, mn 55403, usa","Geocoded"
9,"Brass Rail","(Some OC)","422 Hennepin Ave.","Minneapolis","MN","(OC),(*)","Bars/Clubs",1980,NA,"","","3/26/2020 12:44am","7/23/2020 7:23pm","422 Hennepin Ave., Minneapolis, MN","-93.2725204","44.9800829","422 hennepin ave, minneapolis, mn 55401, usa","Geocoded"
11,"Club Minneapolis Baths","(Should be a winner)","113 1st St. N. ","Minneapolis","MN","","Baths",1980,NA,"","","3/26/2020 12:44am","7/23/2020 7:23pm","113 1st St. N. , Minneapolis, MN","-93.2685683","44.9849015","113 n 1st st, minneapolis, mn 55401, usa","Geocoded"
12,"Diginity","(Catholic Church)","1701 Univeristy","Minneapolis","MN","","Church",1980,NA,"","","3/26/2020 12:44am","7/23/2020 7:23pm","1701 Univeristy, Minneapolis, MN","-93.2281611","44.9845683","1701 elm st se, minneapolis, mn 55414, usa","Geocoded"
13,"Gay House","(Social organ.)","4419 Nicollet","Minneapolis","MN","","Organizations",1980,NA,"","","3/26/2020 12:44am","7/23/2020 7:23pm","4419 Nicollet, Minneapolis, MN","-93.277716","44.9226156","4419 nicollet ave, minneapolis, mn 55419, usa","Geocoded"
14,"Gay Nineties","(Disco) (Some L) (Adj. Happy Hour)","408 Hennepin Ave","Minneapolis","MN","(*),(YC),(D),(L),(R)","Restaurant,Bars/Clubs",1980,NA,"","","3/26/2020 12:44am","7/23/2020 7:23pm","408 Hennepin Ave, Minneapolis, MN","-93.2719109","44.9804466","408 hennepin ave, minneapolis, mn 55401, usa","Geocoded"
15,"Happy Hour","(Some OC) (Cruisy)","408 Hennepin Ave","Minneapolis","MN","(*),(OC)","Bars/Clubs,Cruising Areas",1980,NA,"","","3/26/2020 12:44am","7/23/2020 7:23pm","408 Hennepin Ave, Minneapolis, MN","-93.2719109","44.9804466","408 hennepin ave, minneapolis, mn 55401, usa","Geocoded"
16,"Integrity","(St. John's Church)","4201 Sheridan Ace. S","Minneapolis","MN","","Church",1980,NA,"","","3/26/2020 12:44am","7/23/2020 7:23pm","4201 Sheridan Ace. S, Minneapolis, MN","-93.3125715","44.9274259","4201 sheridan ave s, minneapolis, mn 55410, usa","Geocoded"
17,"Locker Room Health Club","(Baths) ('Harness' shop)","315 1st Ave. N","Minneapolis","MN","(*)","Baths,Business",1980,NA,"","","3/26/2020 12:44am","7/23/2020 7:23pm","315 1st Ave. N, Minneapolis, MN","-93.2716773","44.9815103","315 n 1st ave, minneapolis, mn 55401, usa","Geocoded"
19,"M.C.G.R.","(Social)","111 E. Franklin","Minneapolis","MN","","Church",1980,NA,"checked","","3/26/2020 12:44am","7/23/2020 7:23pm","111 E. Franklin, Minneapolis, MN","-93.2756697","44.9622638","111 e franklin ave, minneapolis, mn 55404, usa","Geocoded"
20,"Nineteen Bar","(Beer) (Many L)","19 W. 15th St.","Minneapolis","MN","(D),(L),(PT)","Bars/Clubs",1980,NA,"","","3/26/2020 12:44am","7/23/2020 7:23pm","19 W. 15th St., Minneapolis, MN","-93.2787582","44.9675316","19 w 15th st, minneapolis, mn 55403, usa","Geocoded"
21,"Simion's","","416 Hennepin Ave.","Minneapolis","MN","(R),(AH)","Restaurant",1980,NA,"","","3/26/2020 12:44am","7/23/2020 7:23pm","416 Hennepin Ave., Minneapolis, MN","-93.2885418","44.9684272","416 hennepin ave, minneapolis, mn 55405, usa","Geocoded"
22,"Sun Bar & Disco","(Disco) (WE*)","413 Hennepin Ave.","Minneapolis","MN","(S),(D),(WE),(*)","Bars/Clubs",1980,NA,"","","3/26/2020 12:44am","7/23/2020 7:23pm","413 Hennepin Ave., Minneapolis, MN","-93.271384","44.979969","413 hennepin ave, minneapolis, mn 55403, usa","Geocoded"
23,"Y'All Come Back","(Disco) (Sign says 'Tourist Hotel')","830 Hennepin Ave.","Minneapolis","MN","(YC),(D),(*)","Bars/Clubs",1980,NA,"","","3/26/2020 12:44am","7/23/2020 7:23pm","830 Hennepin Ave., Minneapolis, MN","-93.2770621","44.9768367","830 hennepin ave, minneapolis, mn 55403, usa","Geocoded"
30,"Arbuckle's","(Cruisy) Ramada Inn","600 30th Ave. S.","Moorhead","MN","(M),(D)","Cruising Areas,Bars/Clubs",1980,NA,"","","3/26/2020 12:44am","7/23/2020 7:23pm","600 30th Ave. S., Moorhead, MN","-96.7707273","46.8447393","600 30th ave s, moorhead, mn 56560, usa","Geocoded"
31,"Harry's American Bar","Holliday Inn Downtown","220 S. Broadway","Rochester","MN","(M)","Bars/Clubs,Hotels",1980,NA,"","","3/26/2020 12:44am","7/23/2020 7:23pm","220 S. Broadway, Rochester, MN","-92.4625008","44.0209056","220 s broadway, rochester, mn 55904, usa","Geocoded"
34,"Press Club","","502 St. Germaine Ave","St. Cloud","MN","(M),(YC)","Bars/Clubs",1980,NA,"","","3/26/2020 12:44am","7/23/2020 7:23pm","502 St. Germaine Ave, St. Cloud, MN","-94.158151","45.560841","502 w st germain st, st cloud, mn 56301, usa","Geocoded"
35,"Foxy's","(Disco) (WE*) (Neon sigh says Saints & Sinners)","249 W. 7th St.","St. Paul","MN","(L),(D),(WE),(*)","Bars/Clubs",1980,NA,"","","3/26/2020 12:44am","7/23/2020 7:23pm","249 W. 7th St., St. Paul, MN","-93.1051603","44.9430545","249 7th st w, st paul, mn 55102, usa","Geocoded"
37,"La Senorita","(Mexican R) (Roseville)","1961 Rice St.","St. Paul","MN","(M),(R)","Restaurant",1980,NA,"","","3/26/2020 12:44am","7/23/2020 7:23pm","1961 Rice St., St. Paul, MN","-93.106319","45.0002617","1961 rice st, roseville, mn 55113, usa","Geocoded"
38,"Town House","(Many L) (Disco)","1415 University Ave","St. Paul","MN","(L),(D),(*)","Bars/Clubs",1980,NA,"","","3/26/2020 12:44am","7/23/2020 7:23pm","1415 University Ave, St. Paul, MN","-93.1600439","44.9560056","1415 university ave w, st paul, mn 55104, usa","Geocoded"
43,"Duluth Hotel Bar","","231 E. Superior","Duluth","MN","(M)","Hotels,Bars/Clubs",1979,NA,"","","3/26/2020 12:44am","7/23/2020 7:23pm","231 E. Superior, Duluth, MN","-92.0950194","46.7897626","231 e superior st, duluth, mn 55802, usa","Geocoded"
44,"Duluth Steam Baths","(Closes 12 midnight)","18 N. 1st Ave. E.","Duluth","MN","","Baths",1979,NA,"","","3/26/2020 12:44am","7/23/2020 7:23pm","18 N. 1st Ave. E., Duluth, MN","-92.0973096","46.7885323","18 n 1st ave e, duluth, mn 55802, usa","Geocoded"
45,"Mr. Pete's Corral","","412 W. Superior","Duluth","MN","(M),(RT)","Bars/Clubs",1979,NA,"","","3/26/2020 12:44am","7/23/2020 7:23pm","412 W. Superior, Duluth, MN","-92.1035256","46.7826887","412 w superior st, duluth, mn 55802, usa","Geocoded"
47,"Adonis Theatre","","900 Hennepin Ave.","Minneapolis","MN","","Theatre",1979,NA,"","","3/26/2020 12:44am","7/23/2020 7:23pm","900 Hennepin Ave., Minneapolis, MN","-93.2774221","44.9765348","900 hennepin ave, minneapolis, mn 55403, usa","Geocoded"
48,"Adult Book Store","","429 Hennepin Ave.","Minneapolis","MN","(*)","Book Store",1979,NA,"","","3/26/2020 1:32am","7/23/2020 7:23pm","429 Hennepin Ave., Minneapolis, MN","-93.2714908","44.9798928","429 hennepin ave, minneapolis, mn 55403, usa","Geocoded"
49,"Big Daddy'a","(Baths)","3 N. 7th Hennepin","Minneapolis","MN","(OC)","Baths",1979,NA,"","","3/26/2020 1:32am","7/23/2020 7:23pm","3 N. 7th Hennepin, Minneapolis, MN","-93.275496","44.978453","3 n 7th st, minneapolis, mn 55403, usa","Geocoded"
50,"Brass Rail","(Some OC)","422 Hennepin Ave.","Minneapolis","MN","(OC),(*)","Bars/Clubs",1979,NA,"","","3/26/2020 1:32am","7/23/2020 7:23pm","422 Hennepin Ave., Minneapolis, MN","-93.2725204","44.9800829","422 hennepin ave, minneapolis, mn 55401, usa","Geocoded"
51,"Christopher Street","(Social organization)","1111 W. 23rd St.","Minneapolis","MN","","Organizations",1979,NA,"","","3/26/2020 1:33am","7/23/2020 7:23pm","1111 W. 23rd St., Minneapolis, MN","-93.3454804","44.9611114","w 23rd st, st louis park, mn 55416, usa","Geocoded"
52,"Diginity","(Catholic Church)","1701 Univeristy","Minneapolis","MN","","Church",1979,NA,"","","3/26/2020 1:33am","7/23/2020 7:23pm","1701 Univeristy, Minneapolis, MN","-93.2281611","44.9845683","1701 elm st se, minneapolis, mn 55414, usa","Geocoded"
54,"Gay House","(Social organ.)","4419 Nicollet","Minneapolis","MN","","Organizations",1979,NA,"","","3/26/2020 1:33am","7/23/2020 7:23pm","4419 Nicollet, Minneapolis, MN","-93.277716","44.9226156","4419 nicollet ave, minneapolis, mn 55419, usa","Geocoded"
55,"Gay Nineties","(Disco) (Some L) (Adj. Happy Hour)","408 Hennepin Ave","Minneapolis","MN","(*),(YC),(D),(L),(R)","Restaurant,Bars/Clubs",1979,NA,"","","3/26/2020 1:33am","7/23/2020 7:23pm","408 Hennepin Ave, Minneapolis, MN","-93.2719109","44.9804466","408 hennepin ave, minneapolis, mn 55401, usa","Geocoded"
56,"Happy Hour","(Some OC) (Cruisy)","408 Hennepin Ave","Minneapolis","MN","(*),(OC)","Bars/Clubs,Cruising Areas",1979,NA,"","","3/26/2020 1:33am","7/23/2020 7:23pm","408 Hennepin Ave, Minneapolis, MN","-93.2719109","44.9804466","408 hennepin ave, minneapolis, mn 55401, usa","Geocoded"
57,"Harness","(Leather goods, inhalers, erotica, etc) (At the Locker Room)","315 1st Ave N.","Minneapolis","MN","(*)","Business",1979,NA,"","","3/26/2020 1:33am","7/23/2020 7:23pm","315 1st Ave N., Minneapolis, MN","-93.2716773","44.9815103","315 n 1st ave, minneapolis, mn 55401, usa","Geocoded"
59,"Integrity","(St. John's Church)","4201 Sheridan Ace. S","Minneapolis","MN","","Church",1979,NA,"","","3/26/2020 1:33am","7/23/2020 7:23pm","4201 Sheridan Ace. S, Minneapolis, MN","-93.3125715","44.9274259","4201 sheridan ave s, minneapolis, mn 55410, usa","Geocoded"
60,"Locker Room Health Club","(Baths) ('Harness' shop)","315 1st Ave. N","Minneapolis","MN","(*)","Baths,Business",1979,NA,"","","3/26/2020 1:33am","7/23/2020 7:23pm","315 1st Ave. N, Minneapolis, MN","-93.2716773","44.9815103","315 n 1st ave, minneapolis, mn 55401, usa","Geocoded"
62,"Northern Sun","(Beer & wine) (Best Sun.*) (Some Hip, RT, W, YC)","19 W. 15th","Minneapolis","MN","(D),(*),(HIP),(RT),(W),(YC)","Bars/Clubs",1979,NA,"","","3/26/2020 1:33am","7/23/2020 7:23pm","19 W. 15th, Minneapolis, MN","-93.2787582","44.9675316","19 w 15th st, minneapolis, mn 55403, usa","Geocoded"
63,"Sun Bar & Disco","(go go boys)","413 Hennepin Ave.","Minneapolis","MN","","Bars/Clubs",1979,NA,"","","3/26/2020 1:33am","7/23/2020 7:23pm","413 Hennepin Ave., Minneapolis, MN","-93.271384","44.979969","413 hennepin ave, minneapolis, mn 55403, usa","Geocoded"
64,"Sutton Place","(Sutton's) (Disco) (Downstairs) (Sun. brunch)","14 N. 5th St.","Minneapolis","MN","(M),(YC),(D),(*)","Bars/Clubs",1979,NA,"","","3/26/2020 1:39am","7/23/2020 7:23pm","14 N. 5th St., Minneapolis, MN","-93.2729669","44.9800663","14 n 5th st, minneapolis, mn 55401, usa","Geocoded"
65,"Y'All Come Back","(Disco) (Attempt to resurrect the Sundown Saloon)","830 Hennepin Ave.","Minneapolis","MN","(D)","Bars/Clubs",1979,NA,"","","3/26/2020 1:39am","7/23/2020 7:23pm","830 Hennepin Ave., Minneapolis, MN","-93.2770621","44.9768367","830 hennepin ave, minneapolis, mn 55403, usa","Geocoded"
71,"Arbuckle's","(Cruisy) Ramada Inn","600 30th Ave. S.","Moorhead","MN","(M),(D)","Cruising Areas,Bars/Clubs",1979,NA,"","","3/26/2020 1:39am","7/23/2020 7:23pm","600 30th Ave. S., Moorhead, MN","-96.7707273","46.8447393","600 30th ave s, moorhead, mn 56560, usa","Geocoded"
72,"Harry's American Bar","Holliday Inn Downtown","220 S. Broadway","Rochester","MN","(M)","Bars/Clubs,Hotels",1979,NA,"","","3/26/2020 1:39am","7/23/2020 7:23pm","220 S. Broadway, Rochester, MN","-92.4625008","44.0209056","220 s broadway, rochester, mn 55904, usa","Geocoded"
75,"Press Club","","502 St. Germaine Ave","St. Cloud","MN","(M),(YC)","Bars/Clubs",1979,NA,"","","3/26/2020 1:39am","7/23/2020 7:23pm","502 St. Germaine Ave, St. Cloud, MN","-94.158151","45.560841","502 w st germain st, st cloud, mn 56301, usa","Geocoded"
76,"Foxy's","(Disco)","249 W. 7th St.","St. Paul","MN","(G),(D)","Bars/Clubs",1979,NA,"","","3/26/2020 1:39am","7/23/2020 7:23pm","249 W. 7th St., St. Paul, MN","-93.1051603","44.9430545","249 7th st w, st paul, mn 55102, usa","Geocoded"
79,"","","111 W. 6th St.","St. Paul","MN","","",1979,NA,"","","3/26/2020 1:41am","7/23/2020 7:23pm","111 W. 6th St., St. Paul, MN","-93.0971915","44.9462817","111 w 6th st, st paul, mn 55102, usa","Geocoded"
80,"Town House","(Many G) (Disco) (Wed. night for guys*)","1415 University Ave","St. Paul","MN","(YC),(G),(D),(*)","Bars/Clubs",1979,NA,"","","3/26/2020 1:41am","7/23/2020 7:23pm","1415 University Ave, St. Paul, MN","-93.1600439","44.9560056","1415 university ave w, st paul, mn 55104, usa","Geocoded"
82,"Vapor's Steam Baths","","1860 N.W. Bunker Lake Dr.","Anoka","MN","","Baths",1978,NA,"","","3/26/2020 1:41am","7/23/2020 7:23pm","1860 N.W. Bunker Lake Dr., Anoka, MN","-93.4204315","45.2265292","1860 bunker lake blvd, anoka, mn 55303, usa","Geocoded"
83,"Duluth Hotel Bar","","231 E. Superior","Duluth","MN","(M)","Hotels,Bars/Clubs",1978,NA,"","","3/26/2020 1:41am","7/23/2020 7:23pm","231 E. Superior, Duluth, MN","-92.0950194","46.7897626","231 e superior st, duluth, mn 55802, usa","Geocoded"
77,"Duluth Steam Baths","(Closes 12 midnight)","18 No. 1st Ave. E.","Duluth","MN","","Baths",1978,NA,"","","3/26/2020 1:39am","7/23/2020 7:23pm","18 No. 1st Ave. E., Duluth, MN","-92.0973096","46.7885323","18 n 1st ave e, duluth, mn 55802, usa","Geocoded"
84,"Mr. Pete's Corral","","412 W. Superior","Duluth","MN","(M),(RT)","Bars/Clubs",1978,NA,"","","3/26/2020 1:41am","7/23/2020 7:23pm","412 W. Superior, Duluth, MN","-92.1035256","46.7826887","412 w superior st, duluth, mn 55802, usa","Geocoded"
86,"Adonis Theatre","","900 Hennepin Ave.","Minneapolis","MN","","Theatre",1978,NA,"","","3/26/2020 1:41am","7/23/2020 7:23pm","900 Hennepin Ave., Minneapolis, MN","-93.2774221","44.9765348","900 hennepin ave, minneapolis, mn 55403, usa","Geocoded"
87,"Adult Book Store","","429 Hennepin Ave.","Minneapolis","MN","","Book Store",1978,NA,"","","3/26/2020 1:41am","7/23/2020 7:23pm","429 Hennepin Ave., Minneapolis, MN","-93.2714908","44.9798928","429 hennepin ave, minneapolis, mn 55403, usa","Geocoded"
88,"Brass Rail","","422 Hennepin Ave.","Minneapolis","MN","(*),(D)","Bars/Clubs",1978,NA,"","","3/26/2020 1:41am","7/23/2020 7:23pm","422 Hennepin Ave., Minneapolis, MN","-93.2725204","44.9800829","422 hennepin ave, minneapolis, mn 55401, usa","Geocoded"
89,"Gay Nineties","(Disco) (Adjoins Happy Hour)","408 Hennepin Ave","Minneapolis","MN","(*),(YC),(D)","Restaurant,Bars/Clubs",1978,NA,"","","3/26/2020 1:41am","7/23/2020 7:23pm","408 Hennepin Ave, Minneapolis, MN","-93.2719109","44.9804466","408 hennepin ave, minneapolis, mn 55401, usa","Geocoded"
90,"Haberdashery","Raddison Hotel","45 So. 7th St.","Minneapolis","MN","(M),(R),(HIP),(YC)","Bars/Clubs,Restaurant,Hotels",1978,NA,"","","3/26/2020 1:41am","7/23/2020 7:23pm","45 So. 7th St., Minneapolis, MN","-93.2731363","44.9771474","45 s 7th st, minneapolis, mn 55402, usa","Geocoded"
91,"Happy Hour","(Some OC) (Cruisy)","408 Hennepin Ave","Minneapolis","MN","(*),(OC)","Bars/Clubs,Cruising Areas",1978,NA,"","","3/31/2020 9:16pm","7/23/2020 7:23pm","408 Hennepin Ave, Minneapolis, MN","-93.2719109","44.9804466","408 hennepin ave, minneapolis, mn 55401, usa","Geocoded"
93,"Locker Room Health Club","(also Disco-D-AH)","315 1st Ave. N","Minneapolis","MN","(*),(D),(AH)","Baths,Business",1978,NA,"","","3/31/2020 9:16pm","7/23/2020 7:23pm","315 1st Ave. N, Minneapolis, MN","-93.2716773","44.9815103","315 n 1st ave, minneapolis, mn 55401, usa","Geocoded"
95,"Northern Sun","(Some Hip, RT, W, YC)","19 W. 15th","Minneapolis","MN","(D),(HIP),(RT),(W),(YC)","Bars/Clubs",1978,NA,"","","3/31/2020 9:16pm","7/23/2020 7:23pm","19 W. 15th, Minneapolis, MN","-93.2787582","44.9675316","19 w 15th st, minneapolis, mn 55403, usa","Geocoded"
96,"Sutton Place","(Sutton's) (Disco) (2 floors-suggest use downstairs Disco) ","50 No. 5th St.","Minneapolis","MN","(M),(YC),(D),(*)","Bars/Clubs",1978,NA,"","","3/31/2020 9:16pm","7/23/2020 7:23pm","50 No. 5th St., Minneapolis, MN","-93.2733627","44.9804464","50 n 5th st, minneapolis, mn 55401, usa","Geocoded"
104,"Harry's American Bar","Holliday Inn Downtown","220 S. Broadway","Rochester","MN","(M)","Bars/Clubs,Hotels",1978,NA,"","","3/31/2020 9:16pm","7/23/2020 7:23pm","220 S. Broadway, Rochester, MN","-92.4625008","44.0209056","220 s broadway, rochester, mn 55904, usa","Geocoded"
107,"Press Club","","502 St. Germaine Ave","St. Cloud","MN","(M),(YC)","Bars/Clubs",1978,NA,"","","3/31/2020 9:16pm","7/23/2020 7:23pm","502 St. Germaine Ave, St. Cloud, MN","-94.158151","45.560841","502 w st germain st, st cloud, mn 56301, usa","Geocoded"
108,"Foxy's","(Many G) (Disco)","249 W. 7th St.","St. Paul","MN","(G),(D),(*)","Bars/Clubs",1978,NA,"","","3/31/2020 9:16pm","7/23/2020 7:23pm","249 W. 7th St., St. Paul, MN","-93.1051603","44.9430545","249 7th st w, st paul, mn 55102, usa","Geocoded"
109,"Haberdashery","","395 Wabasaha Ave.","St. Paul","MN","(M),(YC),(R)","Restaurant",1978,NA,"","","3/31/2020 9:16pm","7/23/2020 7:23pm","395 Wabasaha Ave., St. Paul, MN","-93.084634","44.9338288","395 wabasha st s, st paul, mn 55107, usa","Geocoded"
110,"No Place Bar","(Some SM) (3.2 beer only) ","461 University Ave.","St. Paul","MN","(M),(SM)","Bars/Clubs",1978,NA,"","","3/31/2020 9:16pm","7/23/2020 7:23pm","461 University Ave., St. Paul, MN","-93.1196947","44.9559648","461 university ave w, st paul, mn 55103, usa","Geocoded"
111,"Town House"," (Disco) ","1415 University Ave","St. Paul","MN","(YC),(D),(*)","Bars/Clubs",1978,NA,"","","3/31/2020 9:16pm","7/23/2020 7:23pm","1415 University Ave, St. Paul, MN","-93.1600439","44.9560056","1415 university ave w, st paul, mn 55104, usa","Geocoded"
113,"Vapor's Steam Baths","","1860 N.W. Bunker Lake Dr.","Anoka","MN","","Baths",1977,NA,"","","3/31/2020 9:16pm","7/23/2020 7:23pm","1860 N.W. Bunker Lake Dr., Anoka, MN","-93.4204315","45.2265292","1860 bunker lake blvd, anoka, mn 55303, usa","Geocoded"
114,"Duluth Hotel Bar","","231 E. Superior","Duluth","MN","(M)","Hotels,Bars/Clubs",1977,NA,"","","3/31/2020 9:16pm","7/23/2020 7:23pm","231 E. Superior, Duluth, MN","-92.0950194","46.7897626","231 e superior st, duluth, mn 55802, usa","Geocoded"
115,"Duluth Steam Baths","(Closes 12 midnight)","18 North 1st Avenue East.","Duluth","MN","","Baths",1977,NA,"","","3/31/2020 9:16pm","7/23/2020 7:23pm","18 North 1st Avenue East., Duluth, MN","-92.0973096","46.7885323","18 n 1st ave e, duluth, mn 55802, usa","Geocoded"
116,"Mr. Pete's Corral","","412 W. Superior","Duluth","MN","(M),(RT)","Bars/Clubs",1977,NA,"","","3/31/2020 9:16pm","7/23/2020 7:23pm","412 W. Superior, Duluth, MN","-92.1035256","46.7826887","412 w superior st, duluth, mn 55802, usa","Geocoded"
118,"Brass Rail","(Some B, RT)","422 Hennepin Ave.","Minneapolis","MN","(*),(D),(B),(RT)","Bars/Clubs",1977,NA,"","","3/31/2020 9:16pm","7/23/2020 7:23pm","422 Hennepin Ave., Minneapolis, MN","-93.2725204","44.9800829","422 hennepin ave, minneapolis, mn 55401, usa","Geocoded"
119,"Gay Nineties","(Disco) (Next to Happy Hour)","408 Hennepin Ave","Minneapolis","MN","(*),(YC),(D)","Restaurant,Bars/Clubs",1977,NA,"","","3/31/2020 9:16pm","7/23/2020 7:23pm","408 Hennepin Ave, Minneapolis, MN","-93.2719109","44.9804466","408 hennepin ave, minneapolis, mn 55401, usa","Geocoded"
120,"Haberdashery","Raddison Hotel","45 S. 7th St.","Minneapolis","MN","(M),(R),(HIP),(YC)","Bars/Clubs,Restaurant,Hotels",1977,NA,"","","3/31/2020 9:16pm","7/23/2020 7:23pm","45 S. 7th St., Minneapolis, MN","-93.2731363","44.9771474","45 s 7th st, minneapolis, mn 55402, usa","Geocoded"
121,"Happy Hour","(Some OC) (Cruisy)","408 Hennepin Ave","Minneapolis","MN","(*),(OC)","Bars/Clubs,Cruising Areas",1977,NA,"","","3/31/2020 9:16pm","7/23/2020 7:23pm","408 Hennepin Ave, Minneapolis, MN","-93.2719109","44.9804466","408 hennepin ave, minneapolis, mn 55401, usa","Geocoded"
123,"Locker Room Health Club","(also (Disco) (D) (AH)","620 2nd Ave. N.","Minneapolis","MN","(*),(D),(AH)","Baths,Business",1977,NA,"","","3/31/2020 9:35pm","7/23/2020 7:23pm","620 2nd Ave. N., Minneapolis, MN","-93.2880484","44.9789445","620 2nd ave n, minneapolis, mn 55405, usa","Geocoded"
124,"Northern Sun","","19 W. 15th","Minneapolis","MN","(D),(HIP),(W),(YC),(*)","Bars/Clubs",1977,NA,"","","3/31/2020 9:35pm","7/23/2020 7:23pm","19 W. 15th, Minneapolis, MN","-93.2787582","44.9675316","19 w 15th st, minneapolis, mn 55403, usa","Geocoded"
125,"Sutton Place","","114 N. 7th Street","Minneapolis","MN","(YC),(D),(*)","Bars/Clubs",1977,NA,"","","3/31/2020 9:35pm","7/23/2020 7:23pm","114 N. 7th Street, Minneapolis, MN","-93.274816","44.9779906","114 n 7th st, minneapolis, mn 55402, usa","Geocoded"
134,"Press Club","","502 St. Germaine Ave","St. Cloud","MN","(M),(YC)","Bars/Clubs",1977,NA,"","","3/31/2020 9:35pm","7/23/2020 7:23pm","502 St. Germaine Ave, St. Cloud, MN","-94.158151","45.560841","502 w st germain st, st cloud, mn 56301, usa","Geocoded"
135,"Haberdashery","","395 Wabasaha Ave.","St. Paul","MN","(M),(YC),(R)","Restaurant",1977,NA,"","","3/31/2020 9:35pm","7/23/2020 7:23pm","395 Wabasaha Ave., St. Paul, MN","-93.084634","44.9338288","395 wabasha st s, st paul, mn 55107, usa","Geocoded"
136,"Noble Roman","(Disco)","788 Grand Ave","St. Paul","MN","(YC),(D),(*)","Bars/Clubs",1977,NA,"","","3/31/2020 9:35pm","7/23/2020 7:23pm","788 Grand Ave, St. Paul, MN","-93.1332322","44.939764","788 grand ave, st paul, mn 55105, usa","Geocoded"
137,"No Place Bar","(3.2 beer only) ","461 University Avenue","St. Paul","MN","(M),(SM)","Bars/Clubs",1977,NA,"","","3/31/2020 9:35pm","7/23/2020 7:23pm","461 University Avenue, St. Paul, MN","-93.0860581","44.9578466","461 university ave e, st paul, mn 55130, usa","Geocoded"
138,"Town House","(Many G) (Some B) (Disco) ","1415 University Avenue","St. Paul","MN","(G),(*),(B),(D)","Bars/Clubs",1977,NA,"","","3/31/2020 9:35pm","7/23/2020 7:23pm","1415 University Avenue, St. Paul, MN","-93.1600439","44.9560056","1415 university ave w, st paul, mn 55104, usa","Geocoded"
140,"Duluth Steam Baths","(Closes 12 midnight)","18 N. 1st Ave. E.","Duluth","MN","","Baths",1975,NA,"","76 is at the bottom!","3/31/2020 9:35pm","7/23/2020 7:23pm","18 N. 1st Ave. E., Duluth, MN","-92.0973096","46.7885323","18 n 1st ave e, duluth, mn 55802, usa","Geocoded"
141,"Holiday Inn Lounge","","250 S. 1st Ave. E","Duluth","MN","(M)","Hotels",1975,NA,"","","3/31/2020 9:35pm","7/23/2020 7:23pm","250 S. 1st Ave. E, Duluth, MN","-92.0964945","46.7875851","250 s 1st ave e, duluth, mn 55802, usa","Geocoded"
143,"Club ","(next door to Orpheum Theatre & upstairs -adm charge) (AH*)","916 Hennepin","Minneapolis","MN","(YC),(R),(C),(D),(AH),(*)","Restaurant,Bars/Clubs",1975,NA,"","","3/31/2020 9:35pm","7/23/2020 7:23pm","916 Hennepin, Minneapolis, MN","-93.277722","44.97636","916 hennepin ave, minneapolis, mn 55403, usa","Geocoded"
144,"Club Cabaret","(3 floors-go-go boys)","5 S. 5th St.","Minneapolis","MN","(D),(S),(*)","Bars/Clubs",1975,NA,"","","3/31/2020 9:35pm","7/23/2020 7:23pm","5 S. 5th St., Minneapolis, MN","-93.27191","44.9793254","5 s 5th st, minneapolis, mn 55402, usa","Geocoded"
145,"Haberdashery","Raddison Hotel","45 S. 7th St.","Minneapolis","MN","(M),(R),(HIP)","Bars/Clubs,Restaurant,Hotels",1975,NA,"","","3/31/2020 9:35pm","7/23/2020 7:23pm","45 S. 7th St., Minneapolis, MN","-93.2731363","44.9771474","45 s 7th st, minneapolis, mn 55402, usa","Geocoded"
146,"Happy Hour","","408 Hennepin Ave","Minneapolis","MN","(*)","Bars/Clubs",1975,NA,"","","3/31/2020 9:35pm","7/23/2020 7:23pm","408 Hennepin Ave, Minneapolis, MN","-93.2719109","44.9804466","408 hennepin ave, minneapolis, mn 55401, usa","Geocoded"
148,"Locker Room Baths","","630 N. 2nd Ave","Minneapolis","MN","(*)","Baths",1975,NA,"","","3/31/2020 9:35pm","7/23/2020 7:23pm","630 N. 2nd Ave, Minneapolis, MN","-93.2770017","44.9802343","630 n 2nd ave, minneapolis, mn 55403, usa","Geocoded"
149,"Mixer's","","221 Cedar Ave.","Minneapolis","MN","(M),(YC),(*)","Bars/Clubs",1975,NA,"","","3/31/2020 9:35pm","7/23/2020 7:23pm","221 Cedar Ave., Minneapolis, MN","-93.2469139","44.973203","221 cedar ave, minneapolis, mn 55454, usa","Geocoded"
150,"Nineteen Bar","(best Sundays*)","19 W. 15th St.","Minneapolis","MN","(RT),(G),(*)","Bars/Clubs",1975,NA,"","","3/31/2020 9:35pm","7/23/2020 7:23pm","19 W. 15th St., Minneapolis, MN","-93.2787582","44.9675316","19 w 15th st, minneapolis, mn 55403, usa","Geocoded"
151,"Sand Box","(part of Cabaret complex)","507 Hennepin","Minneapolis","MN","","Bars/Clubs",1975,NA,"","","3/31/2020 9:35pm","7/23/2020 7:23pm","507 Hennepin, Minneapolis, MN","-93.2730033","44.9792523","507 hennepin ave, minneapolis, mn 55403, usa","Geocoded"
152,"Sutton Place","","114 N. 7th St.","Minneapolis","MN","(YC),(D),(R),(*)","Bars/Clubs,Restaurant",1975,NA,"","","3/31/2020 9:35pm","7/23/2020 7:23pm","114 N. 7th St., Minneapolis, MN","-93.274816","44.9779906","114 n 7th st, minneapolis, mn 55402, usa","Geocoded"
158,"F-M Motel Bar","","403 Center Ave.","Moorhead","MN","(M)","Bars/Clubs,Hotels",1975,NA,"","","3/31/2020 9:35pm","7/23/2020 7:23pm","403 Center Ave., Moorhead, MN","-96.773502","46.874876","403 center ave, moorhead, mn 56560, usa","Geocoded"
160,"D & O Lounge","","775 Front St.","St. Paul","MN","(M),(RT),(G)","Bars/Clubs",1975,NA,"","","3/31/2020 9:35pm","7/23/2020 7:23pm","775 Front St., St. Paul, MN","-93.132837","44.970438","775 front ave, st paul, mn 55103, usa","Geocoded"
161,"Noble Roman","","788 Grand Ave","St. Paul","MN","(D),(*)","Bars/Clubs",1975,NA,"","","3/31/2020 9:35pm","7/23/2020 7:23pm","788 Grand Ave, St. Paul, MN","-93.1332322","44.939764","788 grand ave, st paul, mn 55105, usa","Geocoded"
162,"Town House","","1415 University Ave.","St. Paul","MN","(YC),(D),(*)","Bars/Clubs",1975,NA,"","","3/31/2020 9:36pm","7/23/2020 7:23pm","1415 University Ave., St. Paul, MN","-93.1600439","44.9560056","1415 university ave w, st paul, mn 55104, usa","Geocoded"
163,"Duluth Steam Baths","(Closes 12 midnight)","18 N. 1st Ave. E.","Duluth","MN","","Baths",1974,NA,"","","3/31/2020 9:36pm","7/23/2020 7:23pm","18 N. 1st Ave. E., Duluth, MN","-92.0973096","46.7885323","18 n 1st ave e, duluth, mn 55802, usa","Geocoded"
164,"Holiday Inn Lounge","","250 S. 1st Ave. E","Duluth","MN","(M)","Hotels",1974,NA,"","","3/31/2020 9:36pm","7/23/2020 7:23pm","250 S. 1st Ave. E, Duluth, MN","-92.0964945","46.7875851","250 s 1st ave e, duluth, mn 55802, usa","Geocoded"
166,"Club ","(next door to Orpheum Theatre & upstairs -Adm Charge) ","916 Hennepin","Minneapolis","MN","(YC),(R),(C),(D),(AH),(*)","Restaurant,Bars/Clubs",1974,NA,"","","3/31/2020 9:36pm","7/23/2020 7:23pm","916 Hennepin, Minneapolis, MN","-93.277722","44.97636","916 hennepin ave, minneapolis, mn 55403, usa","Geocoded"
167,"Club Cabaret","","5 S. 5th St.","Minneapolis","MN","(S),(*)","Bars/Clubs",1974,NA,"","","3/31/2020 9:36pm","7/23/2020 7:23pm","5 S. 5th St., Minneapolis, MN","-93.27191","44.9793254","5 s 5th st, minneapolis, mn 55402, usa","Geocoded"
169,"Haberdashery","Raddison Hotel","45 S. 7th St.","Minneapolis","MN","(M),(R)","Bars/Clubs,Restaurant,Hotels",1974,NA,"","","3/31/2020 9:36pm","7/23/2020 7:23pm","45 S. 7th St., Minneapolis, MN","-93.2731363","44.9771474","45 s 7th st, minneapolis, mn 55402, usa","Geocoded"
170,"Happy Hour","","408 Hennepin Ave","Minneapolis","MN","(*)","Bars/Clubs",1974,NA,"","","3/31/2020 9:36pm","7/23/2020 7:23pm","408 Hennepin Ave, Minneapolis, MN","-93.2719109","44.9804466","408 hennepin ave, minneapolis, mn 55401, usa","Geocoded"
172,"Locker Room Baths","","630 N. 2nd Ave","Minneapolis","MN","(*)","Baths",1974,NA,"","","3/31/2020 9:36pm","7/23/2020 7:23pm","630 N. 2nd Ave, Minneapolis, MN","-93.2770017","44.9802343","630 n 2nd ave, minneapolis, mn 55403, usa","Geocoded"
173,"Mixer's","","221 Cedar Ave.","Minneapolis","MN","(M),(YC),(*)","Bars/Clubs",1974,NA,"","","3/31/2020 9:36pm","7/23/2020 7:23pm","221 Cedar Ave., Minneapolis, MN","-93.2469139","44.973203","221 cedar ave, minneapolis, mn 55454, usa","Geocoded"
174,"Nineteen Bar","(best Sundays)","19 W. 15th St.","Minneapolis","MN","(RT),(G)","Bars/Clubs",1974,NA,"","","3/31/2020 9:36pm","7/23/2020 7:23pm","19 W. 15th St., Minneapolis, MN","-93.2787582","44.9675316","19 w 15th st, minneapolis, mn 55403, usa","Geocoded"
175,"Sand Box","","507 Hennepin","Minneapolis","MN","","Bars/Clubs",1974,NA,"","","3/31/2020 9:36pm","7/23/2020 7:23pm","507 Hennepin, Minneapolis, MN","-93.2730033","44.9792523","507 hennepin ave, minneapolis, mn 55403, usa","Geocoded"
176,"Sutton Place","","114 N. 7th St.","Minneapolis","MN","(YC),(D),(R),(*)","Bars/Clubs,Restaurant",1974,NA,"","","3/31/2020 9:36pm","7/23/2020 7:23pm","114 N. 7th St., Minneapolis, MN","-93.274816","44.9779906","114 n 7th st, minneapolis, mn 55402, usa","Geocoded"
181,"F-M Motel Bar","","403 Center Ave.","Moorhead","MN","","Bars/Clubs,Hotels",1974,NA,"","","3/31/2020 9:36pm","7/23/2020 7:23pm","403 Center Ave., Moorhead, MN","-96.773502","46.874876","403 center ave, moorhead, mn 56560, usa","Geocoded"
183,"Belmont","","615 University Ave","St. Paul","MN","(G),(D),(R),(*)","Restaurant",1974,NA,"","","3/31/2020 9:36pm","7/23/2020 7:23pm","615 University Ave, St. Paul, MN","-93.1256964","44.9559865","615 university ave w, st paul, mn 55103, usa","Geocoded"
184,"D & O Lounge","","775 Front St.","St. Paul","MN","(M),(RT),(G)","Bars/Clubs",1974,NA,"","","3/31/2020 9:36pm","7/23/2020 7:23pm","775 Front St., St. Paul, MN","-93.132837","44.970438","775 front ave, st paul, mn 55103, usa","Geocoded"
185,"Town House","","1415 University Ave.","St. Paul","MN","(YC),(D),(*)","Bars/Clubs",1974,NA,"","","3/31/2020 9:36pm","7/23/2020 7:23pm","1415 University Ave., St. Paul, MN","-93.1600439","44.9560056","1415 university ave w, st paul, mn 55104, usa","Geocoded"
187,"Duluth Steam Baths","(Closes 12 midnight)","18 N. 1st Ave. E.","Duluth","MN","","Baths",1973,NA,"","","3/31/2020 9:36pm","7/23/2020 7:23pm","18 N. 1st Ave. E., Duluth, MN","-92.0973096","46.7885323","18 n 1st ave e, duluth, mn 55802, usa","Geocoded"
188,"Holiday Inn Lounge","","250 S. 1st Ave. E","Duluth","MN","(M)","Hotels",1973,NA,"","","3/31/2020 9:36pm","7/23/2020 7:23pm","250 S. 1st Ave. E, Duluth, MN","-92.0964945","46.7875851","250 s 1st ave e, duluth, mn 55802, usa","Geocoded"
190,"Club ","(next door to Orpheum Theatre & upstairs -Admission Charge) ","916 Hennepin","Minneapolis","MN","(YC),(R),(C),(D)","Restaurant,Bars/Clubs",1973,NA,"","","3/31/2020 9:36pm","7/23/2020 7:23pm","916 Hennepin, Minneapolis, MN","-93.277722","44.97636","916 hennepin ave, minneapolis, mn 55403, usa","Geocoded"
191,"Haberdashery","Raddison Hotel","45 So. 7th St.","Minneapolis","MN","(M)","Bars/Clubs,Restaurant,Hotels",1973,NA,"","","3/31/2020 9:36pm","7/23/2020 7:23pm","45 So. 7th St., Minneapolis, MN","-93.2731363","44.9771474","45 s 7th st, minneapolis, mn 55402, usa","Geocoded"
192,"Happy Hour","","408 Hennepin Ave","Minneapolis","MN","(*)","Bars/Clubs",1973,NA,"","","3/31/2020 9:36pm","7/23/2020 7:23pm","408 Hennepin Ave, Minneapolis, MN","-93.2719109","44.9804466","408 hennepin ave, minneapolis, mn 55401, usa","Geocoded"
194,"Locker Room Baths","","630 N. 2nd Ave","Minneapolis","MN","(*)","Baths",1973,NA,"","","3/31/2020 9:36pm","7/23/2020 7:23pm","630 N. 2nd Ave, Minneapolis, MN","-93.2770017","44.9802343","630 n 2nd ave, minneapolis, mn 55403, usa","Geocoded"
195,"Mixer's","","221 Cedar Ave.","Minneapolis","MN","(M),(YC),(*)","Bars/Clubs",1973,NA,"","","3/31/2020 9:36pm","7/23/2020 7:23pm","221 Cedar Ave., Minneapolis, MN","-93.2469139","44.973203","221 cedar ave, minneapolis, mn 55454, usa","Geocoded"
197,"Nineteen Bar","(best on Sundays)","19 W. 15th St.","Minneapolis","MN","(RT),(G)","Bars/Clubs",1973,NA,"","","3/31/2020 10:26pm","7/23/2020 7:23pm","19 W. 15th St., Minneapolis, MN","-93.2787582","44.9675316","19 w 15th st, minneapolis, mn 55403, usa","Geocoded"
198,"Sand Box","","507 Hennepin","Minneapolis","MN","","Bars/Clubs",1973,NA,"","","3/31/2020 10:26pm","7/23/2020 7:23pm","507 Hennepin, Minneapolis, MN","-93.2730033","44.9792523","507 hennepin ave, minneapolis, mn 55403, usa","Geocoded"
199,"Sutton's","(Plans to open adjoining restaurant soon)","114 N. 7th St.","Minneapolis","MN","(YC),(D),(*)","Bars/Clubs,Restaurant",1973,NA,"","","3/31/2020 10:26pm","7/23/2020 7:23pm","114 N. 7th St., Minneapolis, MN","-93.274816","44.9779906","114 n 7th st, minneapolis, mn 55402, usa","Geocoded"
204,"F-M Motel Bar","","403 Center Ave.","Moorhead","MN","","Bars/Clubs,Hotels",1973,NA,"","","3/31/2020 10:26pm","7/23/2020 7:23pm","403 Center Ave., Moorhead, MN","-96.773502","46.874876","403 center ave, moorhead, mn 56560, usa","Geocoded"
206,"D & O Lounge","","775 Front St.","St. Paul","MN","(G)","Bars/Clubs",1973,NA,"","","3/31/2020 10:26pm","7/23/2020 7:23pm","775 Front St., St. Paul, MN","-93.132837","44.970438","775 front ave, st paul, mn 55103, usa","Geocoded"
207,"Town House","","1415 University Ave.","St. Paul","MN","(YC),(D),(*)","Bars/Clubs",1973,NA,"","","3/31/2020 10:26pm","7/23/2020 7:23pm","1415 University Ave., St. Paul, MN","-93.1600439","44.9560056","1415 university ave w, st paul, mn 55104, usa","Geocoded"
209,"Duluth Steam Baths","(Closes 12 midnight)","18 N. 1st Ave. E.","Duluth","MN","","Baths",1972,NA,"","","3/31/2020 10:26pm","7/23/2020 7:23pm","18 N. 1st Ave. E., Duluth, MN","-92.0973096","46.7885323","18 n 1st ave e, duluth, mn 55802, usa","Geocoded"
210,"Club ","(Next door to Orpheum Theatre & upstairs -Admission Charge) ","916 Hennepin","Minneapolis","MN","(YC),(R),(C),(D)","Restaurant,Bars/Clubs",1972,NA,"","","3/31/2020 10:26pm","7/23/2020 7:23pm","916 Hennepin, Minneapolis, MN","-93.277722","44.97636","916 hennepin ave, minneapolis, mn 55403, usa","Geocoded"
211,"Haberdashery","Raddison Hotel","45 S. 7th St.","Minneapolis","MN","(M)","Bars/Clubs,Restaurant,Hotels",1972,NA,"","","3/31/2020 10:26pm","7/23/2020 7:23pm","45 S. 7th St., Minneapolis, MN","-93.2731363","44.9771474","45 s 7th st, minneapolis, mn 55402, usa","Geocoded"
212,"Happy Hour","","408 Hennepin Ave","Minneapolis","MN","(*)","Bars/Clubs",1972,NA,"","","3/31/2020 10:26pm","7/23/2020 7:23pm","408 Hennepin Ave, Minneapolis, MN","-93.2719109","44.9804466","408 hennepin ave, minneapolis, mn 55401, usa","Geocoded"
214,"Locker Room Baths","","630 N. 2nd Ave","Minneapolis","MN","(*)","Baths",1972,NA,"","","3/31/2020 10:26pm","7/23/2020 7:23pm","630 N. 2nd Ave, Minneapolis, MN","-93.2770017","44.9802343","630 n 2nd ave, minneapolis, mn 55403, usa","Geocoded"
215,"Mixer's","","221 Cedar Ave.","Minneapolis","MN","(M),(YC),(*)","Bars/Clubs",1972,NA,"","","3/31/2020 10:26pm","7/23/2020 7:23pm","221 Cedar Ave., Minneapolis, MN","-93.2469139","44.973203","221 cedar ave, minneapolis, mn 55454, usa","Geocoded"
216,"Nineteen Bar","(best Sun.)","19 W. 15th St.","Minneapolis","MN","(RT),(G)","Bars/Clubs",1972,NA,"","","3/31/2020 10:26pm","7/23/2020 7:23pm","19 W. 15th St., Minneapolis, MN","-93.2787582","44.9675316","19 w 15th st, minneapolis, mn 55403, usa","Geocoded"
221,"Aquarium","","23 N. 4th","Moorhead","MN","(M)","Business",1972,NA,"","","3/31/2020 10:26pm","7/23/2020 7:23pm","23 N. 4th, Moorhead, MN","-96.7741605","46.873974","23 4th st s, moorhead, mn 56560, usa","Geocoded"
223,"Kahler Hotel Rooftop Bar","","20-2nd Ave. SW","Rochester","MN","(M)","Bars/Clubs,Hotels",1972,NA,"","","3/31/2020 10:26pm","7/23/2020 7:23pm","20-2nd Ave. SW, Rochester, MN","-92.465698","44.0232749","20 2nd ave sw, rochester, mn 55902, usa","Geocoded"
224,"D & O Lounge","","775 Front St.","St. Paul","MN","(G)","Bars/Clubs",1972,NA,"","","3/31/2020 10:26pm","7/23/2020 7:23pm","775 Front St., St. Paul, MN","-93.132837","44.970438","775 front ave, st paul, mn 55103, usa","Geocoded"
225,"Smoky's Den","","266 University Ave.","St. Paul","MN","","Bars/Clubs",1972,NA,"","","3/31/2020 10:26pm","7/23/2020 7:23pm","266 University Ave., St. Paul, MN","-93.1113701","44.9555017","266 university ave w, st paul, mn 55103, usa","Geocoded"
226,"Town House","","1415 University Ave.","St. Paul","MN","(YC),(D),(*)","Bars/Clubs",1972,NA,"","","3/31/2020 10:26pm","7/23/2020 7:23pm","1415 University Ave., St. Paul, MN","-93.1600439","44.9560056","1415 university ave w, st paul, mn 55104, usa","Geocoded"
228,"Duluth Steam Baths","","18 N. 1st Ave. E.","Duluth","MN","","Baths",1971,NA,"","","3/31/2020 10:26pm","7/23/2020 7:23pm","18 N. 1st Ave. E., Duluth, MN","-92.0973096","46.7885323","18 n 1st ave e, duluth, mn 55802, usa","Geocoded"
229,"Geno's","(after hours) (admission charge) ","916 Hennepin","Minneapolis","MN","(C),(D)","Bars/Clubs",1971,NA,"","","3/31/2020 10:26pm","7/23/2020 7:23pm","916 Hennepin, Minneapolis, MN","-93.277722","44.97636","916 hennepin ave, minneapolis, mn 55403, usa","Geocoded"
230,"Happy Hour","","408 Hennepin Ave","Minneapolis","MN","(*)","Bars/Clubs",1971,NA,"","","3/31/2020 10:26pm","7/23/2020 7:23pm","408 Hennepin Ave, Minneapolis, MN","-93.2719109","44.9804466","408 hennepin ave, minneapolis, mn 55401, usa","Geocoded"
233,"Locker Room Baths","","630 N. 2nd Ave","Minneapolis","MN","(*)","Baths",1971,NA,"","","3/31/2020 10:26pm","7/23/2020 7:23pm","630 N. 2nd Ave, Minneapolis, MN","-93.2770017","44.9802343","630 n 2nd ave, minneapolis, mn 55403, usa","Geocoded"
234,"Mixer's","","221 Cedar Ave.","Minneapolis","MN","(M),(YC),(*)","Bars/Clubs",1971,NA,"","","3/31/2020 10:26pm","7/23/2020 7:23pm","221 Cedar Ave., Minneapolis, MN","-93.2469139","44.973203","221 cedar ave, minneapolis, mn 55454, usa","Geocoded"
235,"Nineteen Bar","","19 W. 15th St.","Minneapolis","MN","(RT),(G)","Bars/Clubs",1971,NA,"","","3/31/2020 10:26pm","7/23/2020 7:23pm","19 W. 15th St., Minneapolis, MN","-93.2787582","44.9675316","19 w 15th st, minneapolis, mn 55403, usa","Geocoded"
236,"Northeast Steam Baths","","1900 University Ave. N.E.","Minneapolis","MN","(M)","Baths",1971,NA,"","","3/31/2020 10:26pm","7/23/2020 7:23pm","1900 University Ave. N.E., Minneapolis, MN","-93.2632452","45.0076023","1900 university ave ne, minneapolis, mn 55418, usa","Geocoded"
237,"Sutton's","(upstairs (D) on weekends)","114 N. 7th St.","Minneapolis","MN","(YC),(D),(*)","Bars/Clubs",1971,NA,"","","3/31/2020 10:26pm","7/23/2020 7:23pm","114 N. 7th St., Minneapolis, MN","-93.274816","44.9779906","114 n 7th st, minneapolis, mn 55402, usa","Geocoded"
238,"Town House","(midway bet. St. Paul & Minneapolis","1321 University Ave.","Minneapolis","MN","(YC),(D),(*)","Bars/Clubs",1971,NA,"","","3/31/2020 10:26pm","7/23/2020 7:23pm","1321 University Ave., Minneapolis, MN","-93.2365362","44.9795222","1321 university ave se, minneapolis, mn 55455, usa","Geocoded"
239,"Aquarium","","23 No. 4th","Moorhead","MN","(M)","Business",1971,NA,"","","3/31/2020 10:26pm","7/23/2020 7:23pm","23 No. 4th, Moorhead, MN","-96.7741605","46.873974","23 4th st s, moorhead, mn 56560, usa","Geocoded"
241,"Kahler Hotel Rooftop Bar","(Rooftop Bar)","20 2nd Ave. SW","Rochester","MN","(M)","Bars/Clubs,Hotels",1971,NA,"","","3/31/2020 10:26pm","7/23/2020 7:23pm","20 2nd Ave. SW, Rochester, MN","-92.465698","44.0232749","20 2nd ave sw, rochester, mn 55902, usa","Geocoded"
242,"Towne House Lounge","","10 1st Ave. S.E. ","Rochester","MN","(M)","Bars/Clubs",1971,NA,"","","3/31/2020 10:26pm","7/23/2020 7:23pm","10 1st Ave. S.E. , Rochester, MN","-92.4609194","44.0230961","10 1st ave se, rochester, mn 55904, usa","Geocoded"
243,"D & O Lounge","","775 Front St.","St. Paul","MN","(G)","Bars/Clubs",1971,NA,"","","3/31/2020 10:26pm","7/23/2020 7:23pm","775 Front St., St. Paul, MN","-93.132837","44.970438","775 front ave, st paul, mn 55103, usa","Geocoded"
244,"J.T's ","(TONY'S No. 2)","226 University","St. Paul","MN","","Bars/Clubs",1970,NA,"","","3/31/2020 10:26pm","7/23/2020 7:23pm","226 University, St. Paul, MN","-93.1156313","44.9463924","370 selby ave suite 226, st paul, mn 55102, usa","Geocoded"
245,"Duluth Steam Baths","","18 N. 1st Ave. E.","Duluth","MN","","Baths",1970,NA,"","","3/31/2020 10:26pm","7/23/2020 7:23pm","18 N. 1st Ave. E., Duluth, MN","-92.0973096","46.7885323","18 n 1st ave e, duluth, mn 55802, usa","Geocoded"
246,"Happy Hour","","408 Hennepin Ave","Minneapolis","MN","(*)","Bars/Clubs",1970,NA,"","","3/31/2020 10:26pm","7/23/2020 7:23pm","408 Hennepin Ave, Minneapolis, MN","-93.2719109","44.9804466","408 hennepin ave, minneapolis, mn 55401, usa","Geocoded"
247,"Herb's","(best on Sundays)","624 N. 2nd Ave","Minneapolis","MN","(D)","Bars/Clubs",1970,NA,"","","3/31/2020 10:26pm","7/23/2020 7:23pm","624 N. 2nd Ave, Minneapolis, MN","-93.2769194","44.9802885","624 n 2nd ave, minneapolis, mn 55403, usa","Geocoded"
250,"Locker Room Baths","","630 N. 2nd Ave","Minneapolis","MN","(*)","Baths",1970,NA,"","","3/31/2020 10:26pm","7/23/2020 7:23pm","630 N. 2nd Ave, Minneapolis, MN","-93.2770017","44.9802343","630 n 2nd ave, minneapolis, mn 55403, usa","Geocoded"
251,"Mixer's","","221 Cedar Ave.","Minneapolis","MN","(M),(YC),(*)","Bars/Clubs",1970,NA,"","","3/31/2020 10:26pm","7/23/2020 7:23pm","221 Cedar Ave., Minneapolis, MN","-93.2469139","44.973203","221 cedar ave, minneapolis, mn 55454, usa","Geocoded"
252,"Nineteen Bar","","19 W. 15th ","Minneapolis","MN","(RT),(G)","Bars/Clubs",1970,NA,"","","3/31/2020 10:26pm","7/23/2020 7:23pm","19 W. 15th , Minneapolis, MN","-93.2787582","44.9675316","19 w 15th st, minneapolis, mn 55403, usa","Geocoded"
253,"Sutton's","Upstairs (D) on weekends","114 N. 7th St.","Minneapolis","MN","(D),(*)","Bars/Clubs",1970,NA,"","","3/31/2020 10:26pm","7/23/2020 7:23pm","114 N. 7th St., Minneapolis, MN","-93.274816","44.9779906","114 n 7th st, minneapolis, mn 55402, usa","Geocoded"
254,"Aquarium","","23 No. 4th","Moorhead","MN","(M)","Business",1970,NA,"","","3/31/2020 10:26pm","7/23/2020 7:23pm","23 No. 4th, Moorhead, MN","-96.7741605","46.873974","23 4th st s, moorhead, mn 56560, usa","Geocoded"
257,"Kahler Hotel Rooftop Bar","","20 SW 2nd","Rochester","MN","(M)","Bars/Clubs,Hotels",1970,NA,"","","3/31/2020 10:51pm","7/23/2020 7:23pm","20 SW 2nd, Rochester, MN","-92.465748","44.023326","20 sw 2nd ave sw, rochester, mn 55902, usa","Geocoded"
258,"Towne House Lounge","","10 1st Ave. S.E. ","Rochester","MN","(M)","Bars/Clubs",1970,NA,"","","3/31/2020 10:51pm","7/23/2020 7:23pm","10 1st Ave. S.E. , Rochester, MN","-92.4609194","44.0230961","10 1st ave se, rochester, mn 55904, usa","Geocoded"
259,"DQ Lounge","","775 Front St.","St. Paul","MN","(G)","Bars/Clubs",1970,NA,"","","3/31/2020 10:51pm","7/23/2020 7:23pm","775 Front St., St. Paul, MN","-93.132837","44.970438","775 front ave, st paul, mn 55103, usa","Geocoded"
260,"Toni's Lounge","","226 University","St. Paul","MN","","Bars/Clubs",1970,NA,"","","3/31/2020 10:51pm","7/23/2020 7:23pm","226 University, St. Paul, MN","-93.1156313","44.9463924","370 selby ave suite 226, st paul, mn 55102, usa","Geocoded"
261,"Duluth Steam Baths","","18 N 1st Ave","Duluth","MN","","Baths",1969,NA,"","","3/31/2020 10:51pm","7/23/2020 7:23pm","18 N 1st Ave, Duluth, MN","-92.0973879","46.7884657","18 n 1st ave w, duluth, mn 55802, usa","Geocoded"
262,"Happy Hour","","408 Hennepin Ave","Minneapolis","MN","(*)","Bars/Clubs",1969,NA,"","","3/31/2020 10:51pm","7/23/2020 7:23pm","408 Hennepin Ave, Minneapolis, MN","-93.2719109","44.9804466","408 hennepin ave, minneapolis, mn 55401, usa","Geocoded"
266,"Nineteen Bar","(best Sun.-others closed)","19 W 15th ","Minneapolis","MN","","Bars/Clubs",1969,NA,"","","3/31/2020 10:55pm","7/23/2020 7:23pm","19 W 15th , Minneapolis, MN","-93.2787582","44.9675316","19 w 15th st, minneapolis, mn 55403, usa","Geocoded"
267,"Sutton's","","114 N. 7th St.","Minneapolis","MN","(*)","Bars/Clubs",1969,NA,"","","3/31/2020 10:55pm","7/23/2020 7:23pm","114 N. 7th St., Minneapolis, MN","-93.274816","44.9779906","114 n 7th st, minneapolis, mn 55402, usa","Geocoded"
268,"Aquarium","","23 N 4th","Moorhead","MN","(M)","Business",1969,NA,"","","3/31/2020 10:55pm","7/23/2020 7:23pm","23 N 4th, Moorhead, MN","-96.7741605","46.873974","23 4th st s, moorhead, mn 56560, usa","Geocoded"
270,"Kahler Hotel Rooftop Bar","","20 SW 2nd","Rochester","MN","(M)","Bars/Clubs,Hotels",1969,NA,"","","3/31/2020 10:55pm","7/23/2020 7:23pm","20 SW 2nd, Rochester, MN","-92.465748","44.023326","20 sw 2nd ave sw, rochester, mn 55902, usa","Geocoded"
271,"Towne House Lounge","","10 SE 1st ","Rochester","MN","(M)","Bars/Clubs",1969,NA,"","","3/31/2020 10:55pm","7/23/2020 7:23pm","10 SE 1st , Rochester, MN","-92.4609194","44.0230961","10 1st ave se, rochester, mn 55904, usa","Geocoded"
272,"Toni's Lounge","","775 Front St","St. Paul","MN","","Bars/Clubs",1969,NA,"","","3/31/2020 10:55pm","7/23/2020 7:23pm","775 Front St, St. Paul, MN","-93.132837","44.970438","775 front ave, st paul, mn 55103, usa","Geocoded"
273,"Duluth Steam Baths","","18 N 1st Ave","Duluth","MN","","Baths",1968,NA,"","","3/31/2020 10:55pm","7/23/2020 7:23pm","18 N 1st Ave, Duluth, MN","-92.0973879","46.7884657","18 n 1st ave w, duluth, mn 55802, usa","Geocoded"
274,"Happy Hour","","408 Hennepin ","Minneapolis","MN","(*)","Bars/Clubs",1968,NA,"","","3/31/2020 10:55pm","7/23/2020 7:23pm","408 Hennepin , Minneapolis, MN","-93.2719109","44.9804466","408 hennepin ave, minneapolis, mn 55401, usa","Geocoded"
277,"Nineteen Bar","(best Sun.-others closed)","19 W 15th ","Minneapolis","MN","","Bars/Clubs",1968,NA,"","","3/31/2020 10:55pm","7/23/2020 7:23pm","19 W 15th , Minneapolis, MN","-93.2787582","44.9675316","19 w 15th st, minneapolis, mn 55403, usa","Geocoded"
278,"Sutton's","","114 N. 7th ","Minneapolis","MN","(*)","Bars/Clubs",1968,NA,"","","3/31/2020 10:55pm","7/23/2020 7:23pm","114 N. 7th , Minneapolis, MN","-93.274816","44.9779906","114 n 7th st, minneapolis, mn 55402, usa","Geocoded"
279,"Aquarium","","23 N 4th","Moorhead","MN","(M)","Business",1968,NA,"","","3/31/2020 10:55pm","7/23/2020 7:23pm","23 N 4th, Moorhead, MN","-96.7741605","46.873974","23 4th st s, moorhead, mn 56560, usa","Geocoded"
281,"Kahler Hotel Rooftop Bar","","20 SW 2nd","Rochester","MN","(M)","Bars/Clubs,Hotels",1968,NA,"","","3/31/2020 10:55pm","7/23/2020 7:23pm","20 SW 2nd, Rochester, MN","-92.465748","44.023326","20 sw 2nd ave sw, rochester, mn 55902, usa","Geocoded"
282,"Towne House Lounge","","10 SE 1st ","Rochester","MN","(M)","Bars/Clubs",1968,NA,"","","3/31/2020 10:55pm","7/23/2020 7:23pm","10 SE 1st , Rochester, MN","-92.4609194","44.0230961","10 1st ave se, rochester, mn 55904, usa","Geocoded"
283,"Toni's ","","775 Front St","St. Paul","MN","","Bars/Clubs",1968,NA,"","","3/31/2020 10:55pm","7/23/2020 7:23pm","775 Front St, St. Paul, MN","-93.132837","44.970438","775 front ave, st paul, mn 55103, usa","Geocoded"
284,"Duluth Hotel Bar","","231 E Superior","Duluth","MN","(M)","Hotels,Bars/Clubs",1966,NA,"","","3/31/2020 10:55pm","7/23/2020 7:23pm","231 E Superior, Duluth, MN","-92.0950194","46.7897626","231 e superior st, duluth, mn 55802, usa","Geocoded"
285,"Duluth Steam Baths","","18 N 1st Av","Duluth","MN","","Baths",1966,NA,"","","3/31/2020 10:55pm","7/23/2020 7:23pm","18 N 1st Av, Duluth, MN","-92.0973879","46.7884657","18 n 1st ave w, duluth, mn 55802, usa","Geocoded"
286,"Happy Hour","(Gay 90's Theater bar)","408 Hennepin ","Minneapolis","MN","(*)","Bars/Clubs",1966,NA,"","","3/31/2020 11:03pm","7/23/2020 7:23pm","408 Hennepin , Minneapolis, MN","-93.2719109","44.9804466","408 hennepin ave, minneapolis, mn 55401, usa","Geocoded"
288,"Nineteen","","19 W 15th St.","Minneapolis","MN","(*)","Bars/Clubs",1966,NA,"","","3/31/2020 11:03pm","7/23/2020 7:23pm","19 W 15th St., Minneapolis, MN","-93.2787582","44.9675316","19 w 15th st, minneapolis, mn 55403, usa","Geocoded"
289,"Sutton Place","","114 N. 7th St.","Minneapolis","MN","(*),(D)","Bars/Clubs",1966,NA,"","","3/31/2020 11:03pm","7/23/2020 7:23pm","114 N. 7th St., Minneapolis, MN","-93.274816","44.9779906","114 n 7th st, minneapolis, mn 55402, usa","Geocoded"
290,"Toni's  Bar","","775 Front St","St. Paul","MN","","Bars/Clubs",1966,NA,"","","3/31/2020 11:03pm","7/23/2020 7:23pm","775 Front St, St. Paul, MN","-93.132837","44.970438","775 front ave, st paul, mn 55103, usa","Geocoded"
291,"Duluth Hotel Bar","","231 E Superior","Duluth","MN","(M)","Hotels,Bars/Clubs",1965,NA,"","","3/31/2020 11:03pm","7/23/2020 7:23pm","231 E Superior, Duluth, MN","-92.0950194","46.7897626","231 e superior st, duluth, mn 55802, usa","Geocoded"
292,"Duluth Steam Baths","","18 N 1st Av","Duluth","MN","","Baths",1965,NA,"","","3/31/2020 11:03pm","7/23/2020 7:23pm","18 N 1st Av, Duluth, MN","-92.0973879","46.7884657","18 n 1st ave w, duluth, mn 55802, usa","Geocoded"
293,"Happy Hour","(Gay Nineties Theater bar)","408 Hennepin ","Minneapolis","MN","(*)","Bars/Clubs,Theatre",1965,NA,"","","3/31/2020 11:03pm","7/23/2020 7:23pm","408 Hennepin , Minneapolis, MN","-93.2719109","44.9804466","408 hennepin ave, minneapolis, mn 55401, usa","Geocoded"
295,"Nineteen","","19 W 15th St.","Minneapolis","MN","(*)","Bars/Clubs",1965,NA,"","","3/31/2020 11:03pm","7/23/2020 7:23pm","19 W 15th St., Minneapolis, MN","-93.2787582","44.9675316","19 w 15th st, minneapolis, mn 55403, usa","Geocoded"
311,"Duluth Hotel Bar","","231 E. Superior","Duluth","MN","(M)","Hotels,Bars/Clubs",1976,NA,"","","4/1/2020 3:52pm","7/23/2020 7:23pm","231 E. Superior, Duluth, MN","-92.0950194","46.7897626","231 e superior st, duluth, mn 55802, usa","Geocoded"
312,"Duluth Steam Baths","(Closes 12 midnight)","18 N. 1st Ave. E.","Duluth","MN","","Baths",1976,NA,"","","4/1/2020 3:52pm","7/23/2020 7:23pm","18 N. 1st Ave. E., Duluth, MN","-92.0973096","46.7885323","18 n 1st ave e, duluth, mn 55802, usa","Geocoded"
313,"Holiday Inn Lounge","","250 S. 1st Ave. E","Duluth","MN","(M)","Hotels",1976,NA,"","","4/1/2020 3:52pm","7/23/2020 7:23pm","250 S. 1st Ave. E, Duluth, MN","-92.0964945","46.7875851","250 s 1st ave e, duluth, mn 55802, usa","Geocoded"
315,"Brass Rail","","422 Hennepin Ave.","Minneapolis","MN","(YC),(D),(*)","Bars/Clubs",1976,NA,"","","4/1/2020 3:52pm","7/23/2020 7:23pm","422 Hennepin Ave., Minneapolis, MN","-93.2725204","44.9800829","422 hennepin ave, minneapolis, mn 55401, usa","Geocoded"
316,"Haberdashery","Raddison Hotel","45 S. 7th St.","Minneapolis","MN","(M),(R),(HIP)","Bars/Clubs,Restaurant,Hotels",1976,NA,"","","4/1/2020 3:52pm","7/23/2020 7:23pm","45 S. 7th St., Minneapolis, MN","-93.2731363","44.9771474","45 s 7th st, minneapolis, mn 55402, usa","Geocoded"
317,"Happy Hour","(Some OC, RT))","408 Hennepin Ave","Minneapolis","MN","(*),(OC),(RT)","Bars/Clubs,Cruising Areas",1976,NA,"","","4/1/2020 3:52pm","7/23/2020 7:23pm","408 Hennepin Ave, Minneapolis, MN","-93.2719109","44.9804466","408 hennepin ave, minneapolis, mn 55401, usa","Geocoded"
319,"Locker Room Health Club","","315 1st Ave. N.","Minneapolis","MN","(*),(D),(AH)","Baths,Business",1976,NA,"","","4/1/2020 3:52pm","7/23/2020 7:23pm","315 1st Ave. N., Minneapolis, MN","-93.2716773","44.9815103","315 n 1st ave, minneapolis, mn 55401, usa","Geocoded"
320,"Nineteen Bar","(best Sundays*)","19 W. 15th St.","Minneapolis","MN","(RT),(G),(*)","Bars/Clubs",1976,NA,"","","4/1/2020 3:52pm","7/23/2020 7:23pm","19 W. 15th St., Minneapolis, MN","-93.2787582","44.9675316","19 w 15th st, minneapolis, mn 55403, usa","Geocoded"
321,"Sutton Place","","114 N. 7th St.","Minneapolis","MN","(YC),(D),(R),(*)","Bars/Clubs,Restaurant",1976,NA,"","","4/1/2020 3:52pm","7/23/2020 7:23pm","114 N. 7th St., Minneapolis, MN","-93.274816","44.9779906","114 n 7th st, minneapolis, mn 55402, usa","Geocoded"
329,"Mantle","","St. Germaine Avenue","St. Cloud","MN","(M)","Bars/Clubs",1976,NA,"","","4/1/2020 3:52pm","7/23/2020 7:23pm","St. Germaine Avenue, St. Cloud, MN","-94.1910101","45.5471803","w st germain st, st cloud, mn, usa","Geocoded"
330,"Press Club","","502 St. Germaine Ave","St. Cloud","MN","(M),(YC),(*)","Bars/Clubs",1976,NA,"","","4/1/2020 3:52pm","7/23/2020 7:23pm","502 St. Germaine Ave, St. Cloud, MN","-94.158151","45.560841","502 w st germain st, st cloud, mn 56301, usa","Geocoded"
332,"D & O Lounge","","775 Front St.","St. Paul","MN","(M),(RT),(G)","Bars/Clubs",1976,NA,"","","4/1/2020 3:52pm","7/23/2020 7:23pm","775 Front St., St. Paul, MN","-93.132837","44.970438","775 front ave, st paul, mn 55103, usa","Geocoded"
333,"Noble Roman","","788 Grand Ave","St. Paul","MN","(YC),(D),(*)","Bars/Clubs",1976,NA,"","","4/1/2020 4:01pm","7/23/2020 7:23pm","788 Grand Ave, St. Paul, MN","-93.1332322","44.939764","788 grand ave, st paul, mn 55105, usa","Geocoded"
334,"Town House","(Many G)","1415 University Ave.","St. Paul","MN","(D),(*),(G)","Bars/Clubs",1976,NA,"","","4/1/2020 4:01pm","7/23/2020 7:23pm","1415 University Ave., St. Paul, MN","-93.1600439","44.9560056","1415 university ave w, st paul, mn 55104, usa","Geocoded"
294,"Hennepin Baths","","5th & Hennepin","Minneapolis","MN","","Baths",1965,"checked",NA,"","3/31/2020 11:03pm","3/31/2020 11:09pm","5th & Hennepin, MN","-93.272574","44.979598","unclear_coded_by_hand","Found"
287,"Hennepin Baths","","5th & Hennepin","Minneapolis","MN","","Baths",1966,"checked",NA,"","3/31/2020 11:03pm","3/31/2020 11:06pm","5th & Hennepin, MN","-93.272574","44.979598","unclear_coded_by_hand","Found"
275,"Hennepin Baths","","5th & Hennepin","Minneapolis","MN","","Baths",1968,"checked",NA,"","3/31/2020 10:55pm","3/31/2020 11:01pm","5th & Hennepin, MN","-93.272574","44.979598","unclear_coded_by_hand","Found"
280,"Skol Room","","N. 4th at Center","Moorhead","MN","(M)","Business",1968,"checked",NA,"","3/31/2020 10:55pm","3/31/2020 11:01pm","N. 4th at Center, MN","-96.773502","46.874876","unclear_coded_by_hand","Found"
276,"Hi-Lo Twenty Nine Bar","","9th & Hennepin","Minneapolis","MN","(M),(RT)","Bars/Clubs",1968,"checked",NA,"","3/31/2020 10:55pm","3/31/2020 11:01pm","9th & Hennepin, MN","-93.276688","44.976305","unclear_coded_by_hand","Found"
265,"Hi-Lo Twenty Nine Bar","","9th & Hennepin","Minneapolis","MN","(M),(RT)","Bars/Clubs",1969,"checked",NA,"","3/31/2020 10:54pm","3/31/2020 10:59pm","9th & Hennepin, MN","-93.276688","44.976305","unclear_coded_by_hand","Found"
269,"Skol Room","","N. 4th at Center","Moorhead","MN","(M)","Business",1969,"checked",NA,"","3/31/2020 10:55pm","3/31/2020 10:59pm","N. 4th at Center, MN","-96.773502","46.874876","unclear_coded_by_hand","Found"
255,"Hennepin Baths","","5th & Hennepin","Minneapolis","MN","","Baths",1969,"checked",NA,"","3/31/2020 10:51pm","3/31/2020 10:59pm","5th & Hennepin, MN","-93.272574","44.979598","unclear_coded_by_hand","Found"
249,"Hi-Lo Twenty Nine Bar","","9th & Hennepin","Minneapolis","MN","(M),(RT)","Bars/Clubs",1970,"checked",NA,"","3/31/2020 10:26pm","3/31/2020 10:54pm","9th & Hennepin, MN","-93.276688","44.976305","unclear_coded_by_hand","Found"
248,"Hennepin Baths","","5th & Hennepin","Minneapolis","MN","","Baths",1970,"checked",NA,"","3/31/2020 10:26pm","3/31/2020 10:55pm","5th & Hennepin, MN","-93.272574","44.979598","unclear_coded_by_hand","Found"
256,"Skol Room","","N. 4th at Center","Moorhead","MN","(M)","Business",1970,"checked",NA,"","3/31/2020 10:51pm","3/31/2020 10:54pm","N. 4th at Center, MN","-96.773502","46.874876","unclear_coded_by_hand","Found"
231,"Hennepin Baths","","5th & Hennepin","Minneapolis","MN","","Baths",1971,"checked",NA,"","3/31/2020 10:26pm","3/31/2020 10:48pm","5th & Hennepin, MN","-93.272574","44.979598","unclear_coded_by_hand","Found"
232,"Hi-Lo Twenty Nine Bar","","9th & Hennepin","Minneapolis","MN","(M),(RT)","Bars/Clubs",1971,"checked",NA,"","3/31/2020 10:26pm","3/31/2020 10:48pm","9th & Hennepin, MN","-93.276688","44.976305","unclear_coded_by_hand","Found"
240,"Skol Room","","Center at N. 4th","Moorhead","MN","(M)","Business",1971,"checked",NA,"","3/31/2020 10:26pm","3/31/2020 10:48pm","Center at N. 4th, MN","-96.773502","46.874876","unclear_coded_by_hand","Found"
222,"Skol Room","","Center at N. 4th","Moorhead","MN","(M)","Business",1972,"checked",NA,"","3/31/2020 10:26pm","3/31/2020 10:38pm","Center at N. 4th, MN","-96.773502","46.874876","unclear_coded_by_hand","Found"
218,"Hennepin & Nicollet Sts.","downtown","","Minneapolis","MN","Cruisy Area","Cruising Areas",1972,"checked",NA,"Pin on Nicollet Ave","3/31/2020 10:26pm","3/31/2020 10:38pm",", MN","-93.277916","44.93048","unclear_coded_by_hand","General Coordinates Used"
213,"Hennepin Baths","","5th & Hennepin","Minneapolis","MN","","Baths",1972,"checked",NA,"","3/31/2020 10:26pm","3/31/2020 10:38pm","5th & Hennepin, MN","-93.272574","44.979598","unclear_coded_by_hand","Found"
220,"Loring Park","","","Minneapolis","MN","Cruisy Area","Cruising Areas",1972,"checked",NA,"","3/31/2020 10:26pm","3/31/2020 10:38pm",", MN","-93.284842","44.969968","unclear_coded_by_hand","Found"
219,"Lake Calhoun Beach","Calhoun Blvd. bet. 31st & 32nd","","Minneapolis","MN","Cruisy Area","Cruising Areas",1972,"checked",NA,"","3/31/2020 10:26pm","3/31/2020 10:38pm",", MN","-93.319936","44.945113","unclear_coded_by_hand","Found"
217,"Bare ass Beach","Mississippi River Flats at Franklin","","Minneapolis","MN","Cruisy Area,(BA)","Cruising Areas",1972,"checked",NA,"","3/31/2020 10:26pm","3/31/2020 10:38pm",", MN","-93.226768","44.963031","unclear_coded_by_hand","Found"
227,"Rice Park","","","St. Paul","MN","Cruisy Area","Cruising Areas",1972,"checked",NA,"","3/31/2020 10:26pm","3/31/2020 10:38pm",", MN","-93.097113","44.94475","unclear_coded_by_hand","Found"
205,"Outrigger","(bar area only)","4th Street & 5th Avenue S.E","Rochester","MN","(M),(YC)","Bars/Clubs",1973,"checked",NA,"","3/31/2020 10:26pm","3/31/2020 10:33pm","4th Street & 5th Avenue S.E, MN","-92.456822","44.018611","unclear_coded_by_hand","Found"
203,"Loring Park","","","Minneapolis","MN","Cruisy Area","Cruising Areas",1973,"checked",NA,"","3/31/2020 10:26pm","3/31/2020 10:33pm",", MN","-93.284842","44.969968","unclear_coded_by_hand","Found"
193,"Hennepin Baths","","5th & Hennepin","Minneapolis","MN","","Baths",1973,"checked",NA,"","3/31/2020 9:36pm","3/31/2020 10:33pm","5th & Hennepin, MN","-93.272574","44.979598","unclear_coded_by_hand","Found"
208,"Rice Park","","","St. Paul","MN","Cruisy Area","Cruising Areas",1973,"checked",NA,"","3/31/2020 10:26pm","3/31/2020 10:32pm",", MN","-93.097113","44.94475","unclear_coded_by_hand","Found"
189,"Mr. Pete's Corral","Next to Bus Depot","","Duluth","MN","(M),(RT)","Bars/Clubs",1973,"checked",NA,"","3/31/2020 9:36pm","3/31/2020 10:33pm",", MN","-92.103526","46.782689","unclear_coded_by_hand","Found"
200,"Bare ass Beach","Mississippi River Flats at Franklin","","Minneapolis","MN","Cruisy Area,(BA)","Cruising Areas",1973,"checked",NA,"","3/31/2020 10:26pm","3/31/2020 10:33pm",", MN","-93.226768","44.963031","unclear_coded_by_hand","Found"
201,"Hennepin & Nicollet Sts.","","","Minneapolis","MN","Cruisy Area","Cruising Areas",1973,"checked",NA,"Pin on Nicollet Ave","3/31/2020 10:26pm","3/31/2020 10:33pm",", MN","-93.277916","44.93048","unclear_coded_by_hand","General Coordinates Used"
202,"Lake Calhoun Beach","Calhoun Blvd. bet. 31st & 32nd","","Minneapolis","MN","Cruisy Area","Cruising Areas",1973,"checked",NA,"","3/31/2020 10:26pm","3/31/2020 10:33pm",", MN","-93.319936","44.945113","unclear_coded_by_hand","Found"
186,"Rice Park","","","St. Paul","MN","Cruisy Area","Cruising Areas",1974,"checked",NA,"","3/31/2020 9:36pm","3/31/2020 10:23pm",", MN","-93.097113","44.94475","unclear_coded_by_hand","Found"
178,"Hennepin & Nicollet Sts.","","","Minneapolis","MN","Cruisy Area","Cruising Areas",1974,"checked",NA,"Pin on Nicollet Ave","3/31/2020 9:36pm","3/31/2020 10:23pm",", MN","-93.277916","44.93048","unclear_coded_by_hand","General Coordinates Used"
182,"Outrigger","(bar area only)","4th Street & 5th Avenue S.E","Rochester","MN","(M),(YC)","Bars/Clubs",1974,"checked",NA,"","3/31/2020 9:36pm","3/31/2020 10:23pm","4th Street & 5th Avenue S.E, MN","-92.456822","44.018611","unclear_coded_by_hand","Found"
168,"Franklin Theatre","","10th & Franklin","Minneapolis","MN","","Theatre",1974,"checked",NA,"","3/31/2020 9:36pm","3/31/2020 10:23pm","10th & Franklin, MN","-93.259662","44.962714","unclear_coded_by_hand","Found"
171,"Hennepin Baths","","5th & Hennepin","Minneapolis","MN","","Baths",1974,"checked",NA,"","3/31/2020 9:36pm","3/31/2020 10:23pm","5th & Hennepin, MN","-93.272574","44.979598","unclear_coded_by_hand","Found"
180,"Loring Park","","","Minneapolis","MN","Cruisy Area","Cruising Areas",1974,"checked",NA,"","3/31/2020 9:36pm","3/31/2020 10:23pm",", MN","-93.284842","44.969968","unclear_coded_by_hand","Found"
165,"Mr. Pete's Corral","Next to Bus Depot","","Duluth","MN","(M),(RT)","Bars/Clubs",1974,"checked",NA,"","3/31/2020 9:36pm","3/31/2020 10:23pm",", MN","-92.103526","46.782689","unclear_coded_by_hand","Found"
179,"Lake Calhoun Beach","Calhoun Blvd. betw. 31st & 32nd","","Minneapolis","MN","Cruisy Area","Cruising Areas",1974,"checked",NA,"","3/31/2020 9:36pm","3/31/2020 10:23pm",", MN","-93.319936","44.945113","unclear_coded_by_hand","Found"
177,"'B.A.' Beach","Mississippi River Flats at Franklin","","Minneapolis","MN","Cruisy Area,(BA)","Cruising Areas",1974,"checked",NA,"","3/31/2020 9:36pm","3/31/2020 10:29pm",", MN","-93.226768","44.963031","unclear_coded_by_hand","Found"
154,"Lake Calhoun Beach","Calhoun Blvd. betw. 31st & 32nd","","Minneapolis","MN","Cruisy Area","Cruising Areas",1975,"checked",NA,"","3/31/2020 9:35pm","3/31/2020 10:23pm",", MN","-93.319936","44.945113","unclear_coded_by_hand","Found"
147,"Hennepin Baths","","5th & Hennepin","Minneapolis","MN","","Baths",1975,"checked",NA,"","3/31/2020 9:35pm","3/31/2020 10:23pm","5th & Hennepin, MN","-93.272574","44.979598","unclear_coded_by_hand","Found"
153,"Hennepin & Nicollet Sts.","","","Minneapolis","MN","Cruisy Area","Cruising Areas",1975,"checked",NA,"Pin on Nicollet Ave","3/31/2020 9:35pm","3/31/2020 10:23pm",", MN","-93.277916","44.93048","unclear_coded_by_hand","General Coordinates Used"
159,"Outrigger","(bar area only)","4th Street & 5th Avenue S.E","Rochester","MN","(M),(YC)","Bars/Clubs",1975,"checked",NA,"","3/31/2020 9:35pm","3/31/2020 10:23pm","4th Street & 5th Avenue S.E, MN","-92.456822","44.018611","unclear_coded_by_hand","Found"
142,"Mr. Pete's Corral","Next to bus depot","","Duluth","MN","(M),(RT)","Bars/Clubs",1975,"checked",NA,"","3/31/2020 9:35pm","3/31/2020 10:23pm",", MN","-92.103526","46.782689","unclear_coded_by_hand","Found"
157,"'Rest Stops'","along I-94","","Minneapolis","MN","Cruisy Area","Cruising Areas",1975,"checked",NA,"","3/31/2020 9:35pm","3/31/2020 10:23pm",", MN","-93.282489","45.003436","unclear_coded_by_hand","General Coordinates Used"
196,"Rice Park","","","St. Paul","MN","Cruisy Area","Cruising Areas",1975,"checked",NA,"","3/31/2020 9:57pm","3/31/2020 10:23pm",", MN","-93.097113","44.94475","unclear_coded_by_hand","Found"
155,"Loring Park","","","Minneapolis","MN","Cruisy Area","Cruising Areas",1975,"checked",NA,"","3/31/2020 9:35pm","3/31/2020 10:23pm",", MN","-93.284842","44.969968","unclear_coded_by_hand","Found"
156,"Mississippi River Flats","'B.A' Beach about 2000 block of E. River Rd-opp. Shriners Hospital","","Minneapolis","MN","Cruisy Area,(BA)","Cruising Areas",1975,"checked",NA,"","3/31/2020 9:35pm","3/31/2020 10:30pm",", MN","-93.23506","44.970351","unclear_coded_by_hand","Found"
326,"Mississippi River Flats","'B.A' Beach about 2,000 block of East River Road-opposite Shriners Hospital","","Minneapolis","MN","Cruisy Area,(BA)","Cruising Areas",1976,"checked",NA,"","4/1/2020 3:52pm","4/1/2020 4:07pm",", MN","-93.23506","44.970351","unclear_coded_by_hand","Found"
327,"'Rest Stops'","along I-94","","Minneapolis","MN","Cruisy Area","Cruising Areas",1976,"checked",NA,"","4/1/2020 3:52pm","4/1/2020 4:07pm",", MN","-93.282489","45.003436","unclear_coded_by_hand","General Coordinates Used"
323,"Hennepin & Nicollet Streets","","","Minneapolis","MN","Cruisy Area","Cruising Areas",1976,"checked",NA,"Pin on Nicollet Ave","4/1/2020 3:52pm","4/1/2020 4:07pm",", MN","-93.277916","44.93048","unclear_coded_by_hand","General Coordinates Used"
328,"Outrigger","(bar area only)","4th St. & 5th Avenue S.E","Rochester","MN","(M),(YC)","Bars/Clubs",1976,"checked",NA,"","4/1/2020 3:52pm","4/1/2020 4:07pm","4th St. & 5th Avenue S.E, MN","-92.456822","44.018611","unclear_coded_by_hand","Found"
331,"St. Cloud State College","Education Bldg.","","St. Cloud","MN","Cruisy Area","Cruising Areas",1976,"checked",NA,"","4/1/2020 3:52pm","4/1/2020 4:07pm",", MN","-94.152477","45.551075","unclear_coded_by_hand","Found"
335,"Rice Park","","","St. Paul","MN","Cruisy Area","Cruising Areas",1976,"checked",NA,"","4/1/2020 4:01pm","4/1/2020 4:07pm",", MN","-93.097113","44.94475","unclear_coded_by_hand","Found"
314,"Mr. Pete's Corral","Next to Bus Depot","","Duluth","MN","(M),(RT)","Bars/Clubs",1976,"checked",NA,"","4/1/2020 3:52pm","4/1/2020 4:07pm",", MN","-92.103526","46.782689","unclear_coded_by_hand","Found"
325,"Loring Park","","","Minneapolis","MN","Cruisy Area","Cruising Areas",1976,"checked",NA,"","4/1/2020 3:52pm","4/1/2020 4:07pm",", MN","-93.284842","44.969968","unclear_coded_by_hand","Found"
322,"Brookdale Mall","","","Minneapolis","MN","Cruisy Area","Cruising Areas",1976,"checked",NA,"","4/1/2020 3:52pm","4/1/2020 4:07pm",", MN","-93.318499","44.980714","unclear_coded_by_hand","Found"
318,"Hennepin Baths","","5th & Hennepin","Minneapolis","MN","(OC)","Baths",1976,"checked",NA,"","4/1/2020 3:52pm","4/1/2020 4:07pm","5th & Hennepin, MN","-93.272574","44.979598","unclear_coded_by_hand","Found"
324,"Lake Calhoun Beach","Calhoun Boulevard between 31st & 32nd","","Minneapolis","MN","Cruisy Area","Cruising Areas",1976,"checked",NA,"","4/1/2020 3:52pm","4/1/2020 4:07pm",", MN","-93.319936","44.945113","unclear_coded_by_hand","Found"
127,"Hennepin & Nicollet Streets","","","Minneapolis","MN","Cruisy Area","Cruising Areas",1977,"checked",NA,"Pin on Nicollet Ave","3/31/2020 9:35pm","3/31/2020 9:47pm",", MN","-93.277916","44.93048","unclear_coded_by_hand","General Coordinates Used"
117,"Greyhound Bus Depot","","","Duluth","MN","Cruisy Area","Cruising Areas",1977,"checked",NA,"","3/31/2020 9:16pm","3/31/2020 9:47pm",", MN","-92.100759","46.783892","unclear_coded_by_hand","Found"
132,"Outrigger","(bar area only)","4th Street & 5th Avenue S.E","Rochester","MN","(M),(YC)","Bars/Clubs",1977,"checked",NA,"","3/31/2020 9:35pm","3/31/2020 9:47pm","4th Street & 5th Avenue S.E, MN","-92.456822","44.018611","unclear_coded_by_hand","Found"
129,"Loring Park","","","Minneapolis","MN","Cruisy Area","Cruising Areas",1977,"checked",NA,"","3/31/2020 9:35pm","3/31/2020 9:47pm",", MN","-93.284842","44.969968","unclear_coded_by_hand","Found"
122,"Hennepin Baths","","5th & Hennepin","Minneapolis","MN","(OC)","Baths",1977,"checked",NA,"","3/31/2020 9:16pm","3/31/2020 9:47pm","5th & Hennepin, MN","-93.272574","44.979598","unclear_coded_by_hand","Found"
139,"Rice Park","","","St. Paul","MN","Cruisy Area","Cruising Areas",1977,"checked",NA,"","3/31/2020 9:35pm","3/31/2020 9:46pm",", MN","-93.097113","44.94475","unclear_coded_by_hand","Found"
128,"Lake Calhoun Beach","Calhoun Boulevard between 31st & 32nd Streets.","","Minneapolis","MN","Cruisy Area","Cruising Areas",1977,"checked",NA,"","3/31/2020 9:35pm","3/31/2020 9:47pm",", MN","-93.319936","44.945113","unclear_coded_by_hand","Found"
131,"'Rest Stops'","along I-94","","Minneapolis","MN","Cruisy Area","Cruising Areas",1977,"checked",NA,"","3/31/2020 9:35pm","3/31/2020 9:47pm",", MN","-93.282489","45.003436","unclear_coded_by_hand","General Coordinates Used"
133,"Mantle","","St. Germaine Avenue","St. Cloud","MN","(M)","Bars/Clubs",1977,"checked",NA,"","3/31/2020 9:35pm","3/31/2020 9:47pm","St. Germaine Avenue, MN","-94.158503","45.561298","unclear_coded_by_hand","Found"
130,"Mississippi River Flats","'B.A' Beach about 2,000 block of East River Road-opposite Shriners Hospital","","Minneapolis","MN","Cruisy Area,(BA)","Cruising Areas",1977,"checked",NA,"","3/31/2020 9:35pm","3/31/2020 10:30pm",", MN","-93.23506","44.970351","unclear_coded_by_hand","Found"
126,"Brookdale Mall","","","Minneapolis","MN","Cruisy Area","Cruising Areas",1977,"checked",NA,"","3/31/2020 9:35pm","3/31/2020 9:47pm",", MN","-93.318499","44.980714","unclear_coded_by_hand","Found"
105,"Lambda Friends","P.O. Box 454, Rochester, Minn. 55901","","Rochester","MN","","Organizations",1978,"checked",NA,"","3/31/2020 9:16pm","3/31/2020 9:33pm",", MN","-92.480199","44.012122","unclear_coded_by_hand","General Coordinates Used"
85,"Greyhound Bus Depot","","","Duluth","MN","Cruisy Area","Cruising Areas",1978,"checked",NA,"","3/26/2020 1:41am","3/31/2020 9:33pm",", MN","-92.100759","46.783892","unclear_coded_by_hand","Found"
100,"Lake Calhoun Beach","Calhoun Blvd. betw. 31st & 32nd Sts.","","Minneapolis","MN","Cruisy Area","Cruising Areas",1978,"checked",NA,"","3/31/2020 9:16pm","3/31/2020 9:33pm",", MN","-93.319936","44.945113","unclear_coded_by_hand","Found"
101,"Loring Park","","","Minneapolis","MN","Cruisy Area","Cruising Areas",1978,"checked",NA,"","3/31/2020 9:16pm","3/31/2020 9:33pm",", MN","-93.284842","44.969968","unclear_coded_by_hand","Found"
102,"Mississippi River Flats","'B.A' Beach about 2000 block of E. River Rd-opp. Shriners Hospital","","Minneapolis","MN","Cruisy Area,(BA)","Cruising Areas",1978,"checked",NA,"","3/31/2020 9:16pm","3/31/2020 10:30pm",", MN","-93.23506","44.970351","unclear_coded_by_hand","Found"
94,"M.C.C.","","44th & York St.","Minneapolis","MN","M.C.C.","Church",1978,"checked",NA,"","3/31/2020 9:16pm","3/31/2020 9:33pm","44th & York St., MN","-93.320149","44.923334","unclear_coded_by_hand","Found"
97,"Brookdale Mall","","","Minneapolis","MN","Cruisy Area","Cruising Areas",1978,"checked",NA,"","3/31/2020 9:16pm","3/31/2020 9:33pm",", MN","-93.318499","44.980714","unclear_coded_by_hand","Found"
99,"IDS Tower","Indoor Mall","","Minneapolis","MN","Cruisy Area","Cruising Areas",1978,"checked",NA,"","3/31/2020 9:16pm","3/31/2020 9:33pm",", MN","-93.272309","44.976119","unclear_coded_by_hand","Found"
106,"Mantle","","St. German Ave","St. Cloud","MN","(M)","Bars/Clubs",1978,"checked",NA,"","3/31/2020 9:16pm","3/31/2020 9:33pm","St. German Ave, MN","-94.158503","45.561298","unclear_coded_by_hand","Found"
103,"'Rest Stops'","along I-94","","Minneapolis","MN","Cruisy Area","Cruising Areas",1978,"checked",NA,"","3/31/2020 9:16pm","3/31/2020 9:33pm",", MN","-93.282489","45.003436","unclear_coded_by_hand","General Coordinates Used"
92,"Hennepin Baths","","5th & Hennepin","Minneapolis","MN","(OC)","Baths",1978,"checked",NA,"","3/31/2020 9:16pm","3/31/2020 9:33pm","5th & Hennepin, MN","-93.272574","44.979598","unclear_coded_by_hand","Found"
112,"Rice Park","","","St. Paul","MN","Cruisy Area","Cruising Areas",1978,"checked",NA,"","3/31/2020 9:16pm","3/31/2020 9:33pm",", MN","-93.097113","44.94475","unclear_coded_by_hand","Found"
98,"Hennepin & Nicollet Sts.","","","Minneapolis","MN","Cruisy Area","Cruising Areas",1978,"checked",NA,"Pin on Nicollet Ave","3/31/2020 9:16pm","3/31/2020 9:33pm",", MN","-93.277916","44.93048","unclear_coded_by_hand","General Coordinates Used"
66,"Hennepin & Nicollet","","","Minneapolis","MN","Cruisy Area","Cruising Areas",1979,"checked",NA,"Pin on Nicollet Ave","3/26/2020 1:39am","3/27/2020 2:35pm",", MN","-93.277916","44.93048","unclear_coded_by_hand","General Coordinates Used"
81,"Rice Park","","","St. Paul","MN","Cruisy Area","Cruising Areas",1979,"checked",NA,"","3/26/2020 1:41am","3/31/2020 10:40pm",", MN","-93.097113","44.94475","unclear_coded_by_hand","Found"
69,"Loring Park & Clifton St.","(HOT)","","Minneapolis","MN","Cruisy Area,(AYOR)","Cruising Areas",1979,"checked",NA,"","3/26/2020 1:39am","3/27/2020 2:35pm",", MN","-93.284177","44.966184","unclear_coded_by_hand","Found"
67,"IDS Tower","Indoor Mall (Crystal Court)","","Minneapolis","MN","Cruisy Area","Cruising Areas",1979,"checked",NA,"","3/26/2020 1:39am","3/27/2020 2:35pm",", MN","-93.272309","44.976119","unclear_coded_by_hand","Found"
74,"Mantle","","St. German Ave","St. Cloud","MN","(M)","Bars/Clubs",1979,"checked",NA,"","3/26/2020 1:39am","3/27/2020 2:35pm","St. German Ave, MN","-94.158503","45.561298","unclear_coded_by_hand","Found"
73,"Lambda Friends","P.O. Box 454, Rochester, MN 55901","","Rochester","MN","","Organizations",1979,"checked",NA,"P.O Box","3/26/2020 1:39am","3/27/2020 2:35pm",", MN","-92.480199","44.012122","unclear_coded_by_hand","General Coordinates Used"
58,"Hennepin Baths","","5th & Hennepin","Minneapolis","MN","(OC),(RT)","Baths",1979,"checked",NA,"","3/26/2020 1:33am","3/27/2020 2:35pm","5th & Hennepin, MN","-93.272574","44.979598","unclear_coded_by_hand","Found"
42,"Erie Rex Lounge","(Cruisy-WE)","Hwy. 10 E","Detroit Lakes","MN","(M),(R),(E),(WE)","Cruising Areas,Restaurant,Bars/Clubs",1979,"checked",NA,"","3/26/2020 12:44am","3/27/2020 2:35pm","Hwy. 10 E, MN","-95.845325","46.817181","unclear_coded_by_hand","General Coordinates Used"
78,"Grand Finale","(Disco) (also Victorian Pub)","490 N. Robert St. at 10th St.","St. Paul","MN","(YC),(D),(*)","Bars/Clubs",1979,"checked",NA,"","3/26/2020 1:41am","3/27/2020 2:35pm","490 N. Robert St. at 10th St., MN","-93.093876","44.950813","unclear_coded_by_hand","Found"
68,"Lake Calhoun Beach","Calhoun Blvd. betw. 31st & 32nd","","Minneapolis","MN","Cruisy Area","Cruising Areas",1979,"checked",NA,"","3/26/2020 1:39am","3/27/2020 2:35pm",", MN","-93.319936","44.945113","unclear_coded_by_hand","Found"
70,"Mississippi River Flats","'B.A' Beach about 2000 block of E. River Rd-opp. Shriners Hospital","","Minneapolis","MN","Cruisy Area,(BA)","Cruising Areas",1979,"checked",NA,"","3/26/2020 1:39am","3/31/2020 10:30pm",", MN","-93.23506","44.970351","unclear_coded_by_hand","Found"
46,"Greyhound Bus Depot","","","Duluth","MN","Cruisy Area","Cruising Areas",1979,"checked",NA,"","3/26/2020 12:44am","3/27/2020 2:35pm",", MN","-92.100759","46.783892","unclear_coded_by_hand","Found"
53,"Embers","","26th & Hennepin","Minneapolis","MN","(M),(R),(C),(AH)","Restaurant",1979,"checked",NA,"","3/26/2020 1:33am","3/27/2020 2:35pm","26th & Hennepin, MN","-93.296736","44.955413","unclear_coded_by_hand","Found"
61,"M.C.C.","","44th & York St.","Minneapolis","MN","M.C.C.","Church",1979,"checked",NA,"","3/26/2020 1:33am","3/27/2020 2:35pm","44th & York St., MN","-93.320149","44.923334","unclear_coded_by_hand","Found"
33,"Mantle","","St. German Ave","St. Cloud","MN","(M)","Bars/Clubs",1980,"checked",NA,"","3/26/2020 12:44am","3/26/2020 1:31am","St. German Ave, MN","-94.158503","45.561298","unclear_coded_by_hand","Found"
26,"Lake Calhoun Beach","Calhoun Blvd. betw. 32nd & 33rd","","Minneapolis","MN","Cruisy Area","Cruising Areas",1980,"checked",NA,"","3/26/2020 12:44am","3/26/2020 1:31am",", MN","-93.319936","44.945113","unclear_coded_by_hand","Found"
28,"Loring Park & Clifton St.","","","Minneapolis","MN","Cruisy Area,(AYOR)","Cruising Areas",1980,"checked",NA,"","3/26/2020 12:44am","3/26/2020 1:31am",", MN","-93.284177","44.966184","unclear_coded_by_hand","Found"
40,"Book Store","at Wabasha & Dale","","St. Paul","MN","Cruisy Area,(AYOR)","Cruising Areas,Book Store",1980,"checked",NA,"","3/26/2020 12:44am","7/14/2020 9:20am",", MN","-93.089958","44.953703","unclear_coded_by_hand","General Coordinates Used"
25,"IDS Tower","Indoor Mall (Crystal Court)","","Minneapolis","MN","Cruisy Area","Cruising Areas",1980,"checked",NA,"","3/26/2020 12:44am","3/26/2020 1:31am",", MN","-93.272309","44.976119","unclear_coded_by_hand","Found"
36,"Grand Finale","(Disco) (Macho) (Cruisy)","490 N. Robert St. at 10th St.","St. Paul","MN","(YC),(D),(PT),(*)","Cruising Areas,Bars/Clubs",1980,"checked",NA,"","3/26/2020 12:44am","3/26/2020 1:31am","490 N. Robert St. at 10th St., MN","-93.093876","44.950813","unclear_coded_by_hand","Found"
18,"M.C.C.","","44th & York St.","Minneapolis","MN","M.C.C.","Church",1980,"checked",NA,"","3/26/2020 12:44am","3/26/2020 1:31am","44th & York St., MN","-93.320149","44.923334","unclear_coded_by_hand","Found"
32,"Lambda Friends","P.O. Box 454, Rochester, MN 55901","","Rochester","MN","","Organizations",1980,"checked",NA,"p.o box","3/26/2020 12:44am","3/26/2020 1:31am",", MN","-92.480199","44.012122","unclear_coded_by_hand","General Coordinates Used"
27,"U. of Minnesota","Lesbian & Gay Committee (Coffmann Mem. Union)","","Minneapolis","MN","Cruisy Area","Cruising Areas",1980,"checked",NA,"","3/26/2020 12:44am","3/26/2020 1:31am",", MN","-93.235375","44.973089","unclear_coded_by_hand","Found"
39,"Book Store","at Dale University","","St. Paul","MN","Cruisy Area","Cruising Areas,Book Store",1980,"checked",NA,"","3/26/2020 12:44am","7/14/2020 9:20am",", MN","-93.089958","44.953703","unclear_coded_by_hand","General Coordinates Used"
41,"Rosedale Shopping Center","T-Room (Rosedale)","","St. Paul","MN","Cruisy Area","Cruising Areas",1980,"checked",NA,"","3/26/2020 12:44am","3/26/2020 1:31am",", MN","-93.171842","45.014605","unclear_coded_by_hand","Found"
5,"Greyhound Bus Depot","","","Duluth","MN","Cruisy Area","Cruising Areas",1980,"checked",NA,"","3/26/2020 12:44am","3/26/2020 1:31am",", MN","-92.100759","46.783892","unclear_coded_by_hand","Found"
24,"Hennepin & Nicollet","","","Minneapolis","MN","Cruisy Area","Cruising Areas",1980,"checked",NA,"Pin on Nicollet Ave","3/26/2020 12:44am","3/26/2020 1:31am",", MN","-93.277916","44.93048","unclear_coded_by_hand","General Coordinates Used"
29,"Mississippi River Flats","'B.A' Beach about 2000 block of E. River Rd-opp. Shriners Hospital","","Minneapolis","MN","Cruisy Area,(BA)","Cruising Areas",1980,"checked",NA,"","3/26/2020 12:44am","3/31/2020 10:29pm",", MN","-93.23506","44.970351","unclear_coded_by_hand","Found"
10,"Club Hennepin Baths","","5th & Hennepin","Minneapolis","MN","","Baths",1980,"checked",NA,"","3/26/2020 12:44am","3/26/2020 1:31am","5th & Hennepin, MN","-93.272574","44.979598","unclear_coded_by_hand","Found"
