"ID","Title","description","streetaddress","city","state","amenityfeatures","type","Year","unclearaddress","uncleartype","notes","dateadded","lastmodified","full.address","lon","lat","geoAddress","status"
1,"Hofbrauhaus","","376 Asylum ","Hartford","CT","(M),(*)","Bars/Clubs",1965,NA,NA,NA,"3/30/2020 6:51pm","7/23/2020 7:24pm","376 Asylum , Hartford, CT","-72.6801336","41.7678288","376 asylum st, hartford, ct 06103, usa","Geocoded"
2,"Peerless","","90 Main St. ","Hartford","CT","(*)","Bars/Clubs",1965,NA,NA,NA,"3/30/2020 6:51pm","7/23/2020 7:24pm","90 Main St. , Hartford, CT","-72.6753112","41.7565709","90 main st, hartford, ct 06106, usa","Geocoded"
3,"Pub Restaurant ","","1132 Chapel ","New Haven","CT","","Restaurant",1965,NA,NA,NA,"3/30/2020 6:51pm","7/23/2020 7:24pm","1132 Chapel , New Haven, CT","-72.9319417","41.3083277","1132 chapel st, new haven, ct 06511, usa","Geocoded"
4,"Harbor ","","157 Bank St. ","New London","CT","","Bars/Clubs",1965,NA,NA,NA,"3/30/2020 6:51pm","7/23/2020 7:24pm","157 Bank St. , New London, CT","-72.0958423","41.3524759","157 bank st, new london, ct 06320, usa","Geocoded"
5,"Hygenic Lounge ","","79 Bank St. ","New London","CT","(*)","Bars/Clubs",1965,NA,NA,NA,"3/30/2020 6:51pm","7/23/2020 7:24pm","79 Bank St. , New London, CT","-72.0947047","41.3531069","79 bank st, new london, ct 06320, usa","Geocoded"
7,"Casbar","","1277 N. Main St. ","Bridgeport","CT","","Bars/Clubs",1966,NA,NA,NA,"3/30/2020 6:51pm","7/23/2020 7:24pm","1277 N. Main St. , Bridgeport, CT","-73.1808077","41.1920675","1277 e main st, bridgeport, ct 06608, usa","Geocoded"
57,"Hofbrauhaus","","376 Asylum ","Hartford","CT","(M),(*)","Bars/Clubs",1966,NA,NA,NA,"3/30/2020 6:59pm","7/23/2020 7:24pm","376 Asylum , Hartford, CT","-72.6801336","41.7678288","376 asylum st, hartford, ct 06103, usa","Geocoded"
58,"Peerless","","90 Main St. ","Hartford","CT","(*)","Bars/Clubs",1966,NA,NA,NA,"3/30/2020 7:00pm","7/23/2020 7:24pm","90 Main St. , Hartford, CT","-72.6753112","41.7565709","90 main st, hartford, ct 06106, usa","Geocoded"
8,"The 1490 ","","1490 Congress St. ","Hartford","CT","","Bars/Clubs",1966,NA,NA,NA,"3/30/2020 6:51pm","7/23/2020 7:24pm","1490 Congress St. , Hartford, CT","-72.6760615","41.7537889","congress st, hartford, ct, usa","Geocoded"
73,"Pub Restaurant ","","1132 Chapel ","New Haven","CT","","Restaurant",1966,NA,NA,NA,"3/30/2020 7:11pm","7/23/2020 7:24pm","1132 Chapel , New Haven, CT","-72.9319417","41.3083277","1132 chapel st, new haven, ct 06511, usa","Geocoded"
59,"Harbor ","","157 Bank St. ","New London","CT","","Bars/Clubs",1966,NA,NA,NA,"3/30/2020 7:01pm","7/23/2020 7:24pm","157 Bank St. , New London, CT","-72.0958423","41.3524759","157 bank st, new london, ct 06320, usa","Geocoded"
60,"Hygenic Lounge ","","79 Bank St. ","New London","CT","(*)","Bars/Clubs",1966,NA,NA,NA,"3/30/2020 7:01pm","7/23/2020 7:24pm","79 Bank St. , New London, CT","-72.0947047","41.3531069","79 bank st, new london, ct 06320, usa","Geocoded"
62,"Casbar","","1277 N. Main St. ","Bridgeport","CT","","Bars/Clubs",1968,NA,NA,NA,"3/30/2020 7:03pm","7/23/2020 7:24pm","1277 N. Main St. , Bridgeport, CT","-73.1808077","41.1920675","1277 e main st, bridgeport, ct 06608, usa","Geocoded"
64,"Hofbrauhaus","","376 Asylum ","Hartford","CT","(M)","Bars/Clubs",1968,NA,NA,NA,"3/30/2020 7:04pm","7/23/2020 7:24pm","376 Asylum , Hartford, CT","-72.6801336","41.7678288","376 asylum st, hartford, ct 06103, usa","Geocoded"
65,"Peerless","","90 Main St. ","Hartford","CT","","Bars/Clubs",1968,NA,NA,NA,"3/30/2020 7:05pm","7/23/2020 7:24pm","90 Main St. , Hartford, CT","-72.6753112","41.7565709","90 main st, hartford, ct 06106, usa","Geocoded"
66,"The 1490 ","","1490 Congress St. ","Hartford","CT","","Bars/Clubs",1968,NA,NA,NA,"3/30/2020 7:06pm","7/23/2020 7:24pm","1490 Congress St. , Hartford, CT","-72.6760615","41.7537889","congress st, hartford, ct, usa","Geocoded"
67,"Pub Restaurant ","","1132 Chapel ","New Haven","CT","","Restaurant",1968,NA,NA,NA,"3/30/2020 7:08pm","7/23/2020 7:24pm","1132 Chapel , New Haven, CT","-72.9319417","41.3083277","1132 chapel st, new haven, ct 06511, usa","Geocoded"
68,"Harbor ","","157 Bank St. ","New London","CT","","Bars/Clubs",1968,NA,NA,NA,"3/30/2020 7:08pm","7/23/2020 7:24pm","157 Bank St. , New London, CT","-72.0958423","41.3524759","157 bank st, new london, ct 06320, usa","Geocoded"
69,"Hygenic Lounge ","","79 Bank St. ","New London","CT","(*)","Bars/Clubs",1968,NA,NA,NA,"3/30/2020 7:09pm","7/23/2020 7:24pm","79 Bank St. , New London, CT","-72.0947047","41.3531069","79 bank st, new london, ct 06320, usa","Geocoded"
74,"Casbar","","1277 N. Main St. ","Bridgeport","CT","","Bars/Clubs",1969,NA,NA,NA,"3/30/2020 7:12pm","7/23/2020 7:24pm","1277 N. Main St. , Bridgeport, CT","-73.1808077","41.1920675","1277 e main st, bridgeport, ct 06608, usa","Geocoded"
75,"Hofbrauhaus","","376 Asylum ","Hartford","CT","(M)","Bars/Clubs",1969,NA,NA,NA,"3/30/2020 7:13pm","7/23/2020 7:24pm","376 Asylum , Hartford, CT","-72.6801336","41.7678288","376 asylum st, hartford, ct 06103, usa","Geocoded"
76,"Peerless","","90 Main St. ","Hartford","CT","","Bars/Clubs",1969,NA,NA,NA,"3/30/2020 7:13pm","7/23/2020 7:24pm","90 Main St. , Hartford, CT","-72.6753112","41.7565709","90 main st, hartford, ct 06106, usa","Geocoded"
77,"The 1490 ","","1490 Congress St. ","Hartford","CT","","Bars/Clubs",1969,NA,NA,NA,"3/30/2020 7:13pm","7/23/2020 7:24pm","1490 Congress St. , Hartford, CT","-72.6760615","41.7537889","congress st, hartford, ct, usa","Geocoded"
78,"Pub Restaurant ","","1132 Chapel ","New Haven","CT","","Restaurant",1969,NA,NA,NA,"3/30/2020 7:15pm","7/23/2020 7:24pm","1132 Chapel , New Haven, CT","-72.9319417","41.3083277","1132 chapel st, new haven, ct 06511, usa","Geocoded"
79,"Harbor ","","157 Bank St. ","New London","CT","","Bars/Clubs",1969,NA,NA,NA,"3/30/2020 7:16pm","7/23/2020 7:24pm","157 Bank St. , New London, CT","-72.0958423","41.3524759","157 bank st, new london, ct 06320, usa","Geocoded"
80,"Hygenic Lounge ","","79 Bank St. ","New London","CT","(*)","Bars/Clubs",1969,NA,NA,NA,"3/30/2020 7:16pm","7/23/2020 7:24pm","79 Bank St. , New London, CT","-72.0947047","41.3531069","79 bank st, new london, ct 06320, usa","Geocoded"
12,"The Pines ","","State Hwy 25","Newtown","CT","","Bars/Clubs",1969,NA,NA,NA,"3/30/2020 6:51pm","7/23/2020 7:24pm","State Hwy 25, Newtown, CT","-73.2936978","41.3964785","ct-25, newtown, ct, usa","Geocoded"
82,"Casbar","","1277 N. Main St. ","Bridgeport","CT","","Bars/Clubs",1970,NA,NA,NA,"3/30/2020 7:19pm","7/23/2020 7:24pm","1277 N. Main St. , Bridgeport, CT","-73.1808077","41.1920675","1277 e main st, bridgeport, ct 06608, usa","Geocoded"
13,"Club 1492 ","","1492 Columbus Rd.","Hartford","CT","(*),(YC)","Bars/Clubs",1970,NA,NA,NA,"3/30/2020 6:51pm","7/23/2020 7:24pm","1492 Columbus Rd., Hartford, CT","-72.6698147","41.764322","columbus blvd, hartford, ct, usa","Geocoded"
83,"Hofbrauhaus","","376 Asylum ","Hartford","CT","(M)","Bars/Clubs",1970,NA,NA,NA,"3/30/2020 7:20pm","7/23/2020 7:24pm","376 Asylum , Hartford, CT","-72.6801336","41.7678288","376 asylum st, hartford, ct 06103, usa","Geocoded"
84,"Peerless","","90 Main St. ","Hartford","CT","","Bars/Clubs",1970,NA,NA,NA,"3/30/2020 7:20pm","7/23/2020 7:24pm","90 Main St. , Hartford, CT","-72.6753112","41.7565709","90 main st, hartford, ct 06106, usa","Geocoded"
14,"Rockinghorse","","327 Asylum","Hartford","CT","","Bars/Clubs",1970,NA,NA,NA,"3/30/2020 6:51pm","7/23/2020 7:24pm","327 Asylum, Hartford, CT","-72.6788594","41.7673233","327 asylum st, hartford, ct 06103, usa","Geocoded"
15,"Red Garter ","","1388 E. Main ","Meriden","CT","(YC),(M)","Bars/Clubs",1970,NA,NA,NA,"3/30/2020 6:51pm","7/23/2020 7:24pm","1388 E. Main , Meriden, CT","-72.7561251","41.5260676","1388 e main st, meriden, ct 06450, usa","Geocoded"
16,"Krenz's ","","544 Main ","Middletown","CT","(YC),(M)","Bars/Clubs",1970,NA,NA,NA,"3/30/2020 6:51pm","7/23/2020 7:24pm","544 Main , Middletown, CT","-72.6513132","41.5635727","544 main st, middletown, ct 06457, usa","Geocoded"
86,"Pub Restaurant ","","1132 Chapel ","New Haven","CT","(YC),(*)","Restaurant",1970,NA,NA,NA,"3/30/2020 7:23pm","7/23/2020 7:24pm","1132 Chapel , New Haven, CT","-72.9319417","41.3083277","1132 chapel st, new haven, ct 06511, usa","Geocoded"
17,"Taft Hotel Bar ","","265 College ","New Haven","CT","(M)","Bars/Clubs,Hotels",1970,NA,NA,NA,"3/30/2020 6:51pm","7/23/2020 7:24pm","265 College , New Haven, CT","-72.9287185","41.306837","265 college st, new haven, ct 06510, usa","Geocoded"
87,"Harbor ","","157 Bank St. ","New London","CT","","Bars/Clubs",1970,NA,NA,NA,"3/30/2020 7:24pm","7/23/2020 7:24pm","157 Bank St. , New London, CT","-72.0958423","41.3524759","157 bank st, new london, ct 06320, usa","Geocoded"
88,"Hygenic Lounge ","","79 Bank St. ","New London","CT","(*)","Bars/Clubs",1970,NA,NA,NA,"3/30/2020 7:25pm","7/23/2020 7:24pm","79 Bank St. , New London, CT","-72.0947047","41.3531069","79 bank st, new london, ct 06320, usa","Geocoded"
18,"Lil's ","","245 Bank St. ","Waterbury","CT","(M)","Bars/Clubs",1970,NA,NA,NA,"3/30/2020 6:51pm","7/23/2020 7:24pm","245 Bank St. , Waterbury, CT","-73.0416839","41.5527219","245 bank st, waterbury, ct 06702, usa","Geocoded"
19,"Cedarbrook Inn ","","919 E. State St. ","Westport","CT","","Bars/Clubs",1970,NA,NA,NA,"3/30/2020 6:51pm","7/23/2020 7:24pm","919 E. State St. , Westport, CT","-73.3379802","41.1379196","919 state st e, westport, ct 06880, usa","Geocoded"
89,"Casbar","","1277 N. Main St. ","Bridgeport","CT","(M)","Bars/Clubs",1971,NA,NA,NA,"3/30/2020 7:28pm","7/23/2020 7:24pm","1277 N. Main St. , Bridgeport, CT","-73.1808077","41.1920675","1277 e main st, bridgeport, ct 06608, usa","Geocoded"
20,"Fourteen-Ninety-Two East ","","238 Columbus Blvd. ","Hartford","CT","(YC),(*)","Bars/Clubs",1971,NA,NA,NA,"3/30/2020 6:51pm","7/23/2020 7:24pm","238 Columbus Blvd. , Hartford, CT","-72.6694693","41.7642353","238 columbus blvd, hartford, ct 06103, usa","Geocoded"
90,"Hofbrauhaus","","376 Asylum ","Hartford","CT","(*)","Bars/Clubs",1971,NA,NA,NA,"3/30/2020 7:30pm","7/23/2020 7:24pm","376 Asylum , Hartford, CT","-72.6801336","41.7678288","376 asylum st, hartford, ct 06103, usa","Geocoded"
21,"Nick's Steak House ","(Back room weekends only $2. admiss.)","1943 Broad St. ","Hartford","CT","(YC),(D),(*)","Bars/Clubs",1971,NA,NA,NA,"3/30/2020 6:51pm","7/23/2020 7:24pm","1943 Broad St. , Hartford, CT","-72.6875938","41.7392804","1943 broad st, hartford, ct 06114, usa","Geocoded"
91,"Nick's Steak House ","(Back room weekends only $2. admiss.)","453 Franklin Ave. ","Hartford","CT","(YC),(D),(*)","Bars/Clubs",1971,NA,NA,NA,"3/30/2020 7:31pm","7/23/2020 7:24pm","453 Franklin Ave. , Hartford, CT","-72.6755951","41.7368569","453 franklin ave, hartford, ct 06114, usa","Geocoded"
92,"Peerless","","90 Main St. ","Hartford","CT","","Bars/Clubs",1971,NA,NA,NA,"3/30/2020 7:32pm","7/23/2020 7:24pm","90 Main St. , Hartford, CT","-72.6753112","41.7565709","90 main st, hartford, ct 06106, usa","Geocoded"
159,"Rockinghorse","","327 Asylum","Hartford","CT","(M),(YC)","Bars/Clubs",1971,NA,NA,NA,"4/6/2020 4:42pm","7/23/2020 7:24pm","327 Asylum, Hartford, CT","-72.6788594","41.7673233","327 asylum st, hartford, ct 06103, usa","Geocoded"
160,"Red Garter ","","1388 E. Main ","Meriden","CT","(YC),(M)","Bars/Clubs",1971,NA,NA,NA,"4/6/2020 4:43pm","7/23/2020 7:24pm","1388 E. Main , Meriden, CT","-72.7561251","41.5260676","1388 e main st, meriden, ct 06450, usa","Geocoded"
161,"Krenz's ","","544 Main ","Middletown","CT","(YC),(M)","Bars/Clubs",1971,NA,NA,NA,"4/6/2020 4:44pm","7/23/2020 7:24pm","544 Main , Middletown, CT","-72.6513132","41.5635727","544 main st, middletown, ct 06457, usa","Geocoded"
22,"Parkway","","1574 Chapel St. ","New Haven","CT","(M)","Bars/Clubs",1971,NA,NA,NA,"3/30/2020 6:51pm","7/23/2020 7:24pm","1574 Chapel St. , New Haven, CT","-72.9490555","41.3120663","1574 chapel st, new haven, ct 06511, usa","Geocoded"
23,"Poor Lads","","204 Crown St. ","New Haven","CT","(M)","Bars/Clubs",1971,NA,NA,NA,"3/30/2020 6:51pm","7/23/2020 7:24pm","204 Crown St. , New Haven, CT","-72.9285928","41.3052765","204 crown st, new haven, ct 06510, usa","Geocoded"
162,"Pub Restaurant ","","1132 Chapel ","New Haven","CT","(YC),(*)","Restaurant",1971,NA,NA,NA,"4/6/2020 4:45pm","7/23/2020 7:24pm","1132 Chapel , New Haven, CT","-72.9319417","41.3083277","1132 chapel st, new haven, ct 06511, usa","Geocoded"
163,"Taft Hotel Bar ","","265 College ","New Haven","CT","(M)","Bars/Clubs,Hotels",1971,NA,NA,NA,"4/6/2020 4:45pm","7/23/2020 7:24pm","265 College , New Haven, CT","-72.9287185","41.306837","265 college st, new haven, ct 06510, usa","Geocoded"
24,"Corral ","","727 Bank St. ","New London","CT","(YC),(D),(*)","Bars/Clubs",1971,NA,NA,NA,"3/30/2020 6:51pm","7/23/2020 7:24pm","727 Bank St. , New London, CT","-72.1052812","41.349469","727 bank st, new london, ct 06320, usa","Geocoded"
164,"Harbor ","","157 Bank St. ","New London","CT","(M)","Bars/Clubs",1971,NA,NA,NA,"4/6/2020 4:50pm","7/23/2020 7:24pm","157 Bank St. , New London, CT","-72.0958423","41.3524759","157 bank st, new london, ct 06320, usa","Geocoded"
165,"Hygenic Lounge ","","79 Bank St. ","New London","CT","","Bars/Clubs",1971,NA,NA,NA,"4/6/2020 4:50pm","7/23/2020 7:24pm","79 Bank St. , New London, CT","-72.0947047","41.3531069","79 bank st, new london, ct 06320, usa","Geocoded"
166,"Cedarbrook Inn ","","919 E. State St. ","Westport","CT","","Bars/Clubs",1971,NA,NA,NA,"4/6/2020 4:51pm","7/23/2020 7:24pm","919 E. State St. , Westport, CT","-73.3379802","41.1379196","919 state st e, westport, ct 06880, usa","Geocoded"
167,"Casbar","","1277 N. Main St. ","Bridgeport","CT","(M)","Bars/Clubs",1972,NA,NA,NA,"4/6/2020 5:03pm","7/23/2020 7:24pm","1277 N. Main St. , Bridgeport, CT","-73.1808077","41.1920675","1277 e main st, bridgeport, ct 06608, usa","Geocoded"
168,"Fourteen-Ninety-Two East ","","238 Columbus Blvd. ","Hartford","CT","(YC),(*)","Bars/Clubs",1972,NA,NA,NA,"4/6/2020 5:03pm","7/23/2020 7:24pm","238 Columbus Blvd. , Hartford, CT","-72.6694693","41.7642353","238 columbus blvd, hartford, ct 06103, usa","Geocoded"
169,"Hofbrauhaus","(also (R) next door)","376 Asylum ","Hartford","CT","(*)","Bars/Clubs",1972,NA,NA,NA,"4/6/2020 5:04pm","7/23/2020 7:24pm","376 Asylum , Hartford, CT","-72.6801336","41.7678288","376 asylum st, hartford, ct 06103, usa","Geocoded"
26,"New Central ","","340 Main ","Hartford","CT","(M),(RT)","Bars/Clubs",1972,NA,NA,NA,"3/30/2020 6:51pm","7/23/2020 7:24pm","340 Main , Hartford, CT","-72.6744692","41.7599454","340 main st, hartford, ct 06106, usa","Geocoded"
170,"Nick's Steak House ","(Back room weekends only $2. admiss.)","1943 Broad St. ","Hartford","CT","(YC),(D),(*)","Bars/Clubs",1972,NA,NA,NA,"4/6/2020 5:05pm","7/23/2020 7:24pm","1943 Broad St. , Hartford, CT","-72.6875938","41.7392804","1943 broad st, hartford, ct 06114, usa","Geocoded"
171,"Red Garter ","","1388 E. Main ","Meriden","CT","(YC),(M)","Bars/Clubs",1972,NA,NA,NA,"4/6/2020 5:06pm","7/23/2020 7:24pm","1388 E. Main , Meriden, CT","-72.7561251","41.5260676","1388 e main st, meriden, ct 06450, usa","Geocoded"
172,"Parkway","","1574 Chapel St. ","New Haven","CT","(M)","Bars/Clubs",1972,NA,NA,NA,"4/6/2020 5:07pm","7/23/2020 7:24pm","1574 Chapel St. , New Haven, CT","-72.9490555","41.3120663","1574 chapel st, new haven, ct 06511, usa","Geocoded"
173,"Poor Lads","","204 Crown St. ","New Haven","CT","(M)","Bars/Clubs",1972,NA,NA,NA,"4/6/2020 5:07pm","7/23/2020 7:24pm","204 Crown St. , New Haven, CT","-72.9285928","41.3052765","204 crown st, new haven, ct 06510, usa","Geocoded"
174,"Pub Restaurant ","","1132 Chapel ","New Haven","CT","(YC),(*)","Restaurant",1972,NA,NA,NA,"4/6/2020 5:07pm","7/23/2020 7:24pm","1132 Chapel , New Haven, CT","-72.9319417","41.3083277","1132 chapel st, new haven, ct 06511, usa","Geocoded"
175,"Taft Hotel Bar ","","265 College ","New Haven","CT","(M)","Bars/Clubs,Hotels",1972,NA,NA,NA,"4/6/2020 5:07pm","7/23/2020 7:24pm","265 College , New Haven, CT","-72.9287185","41.306837","265 college st, new haven, ct 06510, usa","Geocoded"
176,"Corral ","","727 Bank St. ","New London","CT","(YC),(D),(*)","Bars/Clubs",1972,NA,NA,NA,"4/6/2020 5:07pm","7/23/2020 7:24pm","727 Bank St. , New London, CT","-72.1052812","41.349469","727 bank st, new london, ct 06320, usa","Geocoded"
177,"Harbor ","","157 Bank St. ","New London","CT","(M)","Bars/Clubs",1972,NA,NA,NA,"4/6/2020 5:08pm","7/23/2020 7:24pm","157 Bank St. , New London, CT","-72.0958423","41.3524759","157 bank st, new london, ct 06320, usa","Geocoded"
178,"Hygenic Lounge ","","79 Bank St. ","New London","CT","","Bars/Clubs",1972,NA,NA,NA,"4/6/2020 5:08pm","7/23/2020 7:24pm","79 Bank St. , New London, CT","-72.0947047","41.3531069","79 bank st, new london, ct 06320, usa","Geocoded"
29,"Lil's ","","245 Bank St. ","Waterbury","CT","(M)","Bars/Clubs",1972,NA,NA,NA,"3/30/2020 6:51pm","7/23/2020 7:24pm","245 Bank St. , Waterbury, CT","-73.0416839","41.5527219","245 bank st, waterbury, ct 06702, usa","Geocoded"
180,"Cedarbrook Inn ","","919 E. State St. ","Westport","CT","","Bars/Clubs",1972,NA,NA,NA,"4/6/2020 5:12pm","7/23/2020 7:24pm","919 E. State St. , Westport, CT","-73.3379802","41.1379196","919 state st e, westport, ct 06880, usa","Geocoded"
181,"Casbar","","1277 N. Main St. ","Bridgeport","CT","(M)","Bars/Clubs",1973,NA,NA,NA,"4/6/2020 5:13pm","7/23/2020 7:24pm","1277 N. Main St. , Bridgeport, CT","-73.1808077","41.1920675","1277 e main st, bridgeport, ct 06608, usa","Geocoded"
182,"Fourteen-Ninety-Two East ","","238 Columbus Blvd. ","Hartford","CT","(YC),(*)","Bars/Clubs",1973,NA,NA,NA,"4/6/2020 5:14pm","7/23/2020 7:24pm","238 Columbus Blvd. , Hartford, CT","-72.6694693","41.7642353","238 columbus blvd, hartford, ct 06103, usa","Geocoded"
183,"Nick's Steak House ","(weekends)(Backroom)","1943 Broad St. ","Hartford","CT","(YC),(D)","Bars/Clubs",1973,NA,NA,NA,"4/6/2020 5:16pm","7/23/2020 7:24pm","1943 Broad St. , Hartford, CT","-72.6875938","41.7392804","1943 broad st, hartford, ct 06114, usa","Geocoded"
31,"Warehouse ","","61 Woodbine at Capitol Ave. ","Hartford","CT","(YC),(D),(*)","Bars/Clubs",1973,NA,NA,NA,"3/30/2020 6:51pm","7/23/2020 7:24pm","61 Woodbine at Capitol Ave. , Hartford, CT","-72.6957851","41.762816","capitol ave, hartford, ct, usa","Geocoded"
188,"Red Garter ","","1388 E. Main ","Meriden","CT","(YC),(M)","Bars/Clubs",1973,NA,NA,NA,"4/6/2020 5:33pm","7/23/2020 7:24pm","1388 E. Main , Meriden, CT","-72.7561251","41.5260676","1388 e main st, meriden, ct 06450, usa","Geocoded"
32,"Jacko Sullivans ","","1166 Chapel St. ","New Haven","CT","(M),(YC)","Bars/Clubs",1973,NA,NA,NA,"3/30/2020 6:51pm","7/23/2020 7:24pm","1166 Chapel St. , New Haven, CT","-72.9332069","41.3085692","1166 chapel st, new haven, ct 06511, usa","Geocoded"
33,"Malone's Three Stines ","","255 Church St. ","New Haven","CT","(M),(YC),(*)","Bars/Clubs",1973,NA,NA,NA,"3/30/2020 6:51pm","7/23/2020 7:24pm","255 Church St. , New Haven, CT","-72.9223759","41.309945","255 church st, new haven, ct 06510, usa","Geocoded"
34,"Parkway ","","1574 Chapel St. ","New Haven","CT","(M)","Bars/Clubs",1973,NA,NA,NA,"3/30/2020 6:51pm","7/23/2020 7:24pm","1574 Chapel St. , New Haven, CT","-72.9490555","41.3120663","1574 chapel st, new haven, ct 06511, usa","Geocoded"
190,"Poor Lads","","204 Crown St. ","New Haven","CT","(M)","Bars/Clubs",1973,NA,NA,NA,"4/6/2020 5:37pm","7/23/2020 7:24pm","204 Crown St. , New Haven, CT","-72.9285928","41.3052765","204 crown st, new haven, ct 06510, usa","Geocoded"
191,"Pub Restaurant ","","1132 Chapel ","New Haven","CT","(*)","Restaurant",1973,NA,NA,NA,"4/6/2020 5:37pm","7/23/2020 7:24pm","1132 Chapel , New Haven, CT","-72.9319417","41.3083277","1132 chapel st, new haven, ct 06511, usa","Geocoded"
192,"Taft Hotel Bar ","","265 College ","New Haven","CT","(M)","Bars/Clubs,Hotels",1973,NA,NA,NA,"4/6/2020 5:38pm","7/23/2020 7:24pm","265 College , New Haven, CT","-72.9287185","41.306837","265 college st, new haven, ct 06510, usa","Geocoded"
193,"Corral ","","727 Bank St. ","New London","CT","(YC),(D),(*)","Bars/Clubs",1973,NA,NA,NA,"4/6/2020 5:38pm","7/23/2020 7:24pm","727 Bank St. , New London, CT","-72.1052812","41.349469","727 bank st, new london, ct 06320, usa","Geocoded"
194,"Harbor ","","157 Bank St. ","New London","CT","(M)","Bars/Clubs",1973,NA,NA,NA,"4/6/2020 5:39pm","7/23/2020 7:24pm","157 Bank St. , New London, CT","-72.0958423","41.3524759","157 bank st, new london, ct 06320, usa","Geocoded"
195,"Hygenic Lounge ","","79 Bank St. ","New London","CT","","Bars/Clubs",1973,NA,NA,NA,"4/6/2020 5:39pm","7/23/2020 7:24pm","79 Bank St. , New London, CT","-72.0947047","41.3531069","79 bank st, new london, ct 06320, usa","Geocoded"
35,"Melody Room","","242 Bank St. ","Waterbury","CT","(*)","Bars/Clubs",1973,NA,NA,NA,"3/30/2020 6:51pm","7/23/2020 7:24pm","242 Bank St. , Waterbury, CT","-73.0416839","41.5527219","242 bank st, waterbury, ct 06702, usa","Geocoded"
196,"Cedarbrook Inn ","","919 E. State St. ","Westport","CT","","Bars/Clubs",1973,NA,NA,NA,"4/6/2020 5:41pm","7/23/2020 7:24pm","919 E. State St. , Westport, CT","-73.3379802","41.1379196","919 state st e, westport, ct 06880, usa","Geocoded"
197,"Casbar","","1277 N. Main St. ","Bridgeport","CT","(M)","Bars/Clubs",1974,NA,NA,NA,"4/6/2020 5:43pm","7/23/2020 7:24pm","1277 N. Main St. , Bridgeport, CT","-73.1808077","41.1920675","1277 e main st, bridgeport, ct 06608, usa","Geocoded"
36,"Penthouse ","(Some G)","54 E. Washington ","Bridgeport","CT","(YC),(D),(G),(*)","Bars/Clubs",1974,NA,NA,NA,"3/30/2020 6:51pm","7/23/2020 7:24pm","54 E. Washington , Bridgeport, CT","-73.1917933","41.1853398","54 e washington ave, bridgeport, ct 06604, usa","Geocoded"
37,"Glen Acres ","(Springdale)","44 Poplar Rd. ","Glenbrook","CT","(M)","Bars/Clubs",1974,NA,NA,NA,"3/30/2020 6:51pm","7/23/2020 7:24pm","44 Poplar Rd. , Glenbrook, CT","-73.518478","41.07925","44 poplar st, stamford, ct 06907, usa","Geocoded"
198,"Loft ","(after hours)(weekends- adm. charge)(Unisex)","495 1/2 Farmington Ave. ","Hartford","CT","(C),(R),(YC),(HIP),(B),(D),(*)","Restaurant",1974,NA,NA,NA,"4/6/2020 5:44pm","7/23/2020 7:24pm","495 1/2 Farmington Ave. , Hartford, CT","-72.6876004","41.7680811","1 farmington ave #495, hartford, ct 06105, usa","Geocoded"
199,"Nick's Steak House ","(Adm. charge back room weekends)","1943 Broad St. ","Hartford","CT","(YC),(D),(*)","Bars/Clubs",1974,NA,NA,NA,"4/6/2020 5:46pm","7/23/2020 7:24pm","1943 Broad St. , Hartford, CT","-72.6875938","41.7392804","1943 broad st, hartford, ct 06114, usa","Geocoded"
38,"Park West ","","1615 Park St. ","Hartford","CT","(D)","Bars/Clubs",1974,NA,NA,NA,"3/30/2020 6:51pm","7/23/2020 7:24pm","1615 Park St. , Hartford, CT","-72.7052738","41.7572817","1615 park st, hartford, ct 06106, usa","Geocoded"
39,"Riviera Lounge ","","238 Colombus Blvd. ","Hartford","CT","","Bars/Clubs",1974,NA,NA,NA,"3/30/2020 6:51pm","7/23/2020 7:24pm","238 Colombus Blvd. , Hartford, CT","-72.6694693","41.7642353","238 columbus blvd, hartford, ct 06103, usa","Geocoded"
200,"Warehouse ","(Some G) ","61 Woodbine at Capitol Ave. ","Hartford","CT","(YC),(D),(*),(G)","Bars/Clubs",1974,NA,NA,NA,"4/6/2020 5:48pm","7/23/2020 7:24pm","61 Woodbine at Capitol Ave. , Hartford, CT","-72.6957851","41.762816","capitol ave, hartford, ct, usa","Geocoded"
201,"Red Garter ","","1388 E. Main ","Meriden","CT","(YC),(M)","Bars/Clubs",1974,NA,NA,NA,"4/6/2020 5:50pm","7/23/2020 7:24pm","1388 E. Main , Meriden, CT","-72.7561251","41.5260676","1388 e main st, meriden, ct 06450, usa","Geocoded"
202,"Jacko Sullivans ","","1166 Chapel St. ","New Haven","CT","(M),(YC)","Bars/Clubs",1974,NA,NA,NA,"4/6/2020 5:50pm","7/23/2020 7:24pm","1166 Chapel St. , New Haven, CT","-72.9332069","41.3085692","1166 chapel st, new haven, ct 06511, usa","Geocoded"
203,"Malone's Three Stines ","","255 Church St. ","New Haven","CT","(M),(YC),(*),(HIP)","Bars/Clubs",1974,NA,NA,NA,"4/6/2020 5:51pm","7/23/2020 7:24pm","255 Church St. , New Haven, CT","-72.9223759","41.309945","255 church st, new haven, ct 06510, usa","Geocoded"
204,"Parkway ","($2 min on weekends)","1574 Chapel St. ","New Haven","CT","(HIP),(YC),(D),(*)","Bars/Clubs",1974,NA,NA,NA,"4/6/2020 5:51pm","7/23/2020 7:24pm","1574 Chapel St. , New Haven, CT","-72.9490555","41.3120663","1574 chapel st, new haven, ct 06511, usa","Geocoded"
205,"Poor Lads","","204 Crown St. ","New Haven","CT","(M),(PE)","Bars/Clubs",1974,NA,NA,NA,"4/6/2020 5:52pm","7/23/2020 7:24pm","204 Crown St. , New Haven, CT","-72.9285928","41.3052765","204 crown st, new haven, ct 06510, usa","Geocoded"
206,"Pub Restaurant ","","1132 Chapel ","New Haven","CT","(*)","Restaurant",1974,NA,NA,NA,"4/6/2020 5:53pm","7/23/2020 7:24pm","1132 Chapel , New Haven, CT","-72.9319417","41.3083277","1132 chapel st, new haven, ct 06511, usa","Geocoded"
207,"Taft Hotel Bar ","","265 College ","New Haven","CT","(M)","Bars/Clubs,Hotels",1974,NA,NA,NA,"4/6/2020 5:53pm","7/23/2020 7:24pm","265 College , New Haven, CT","-72.9287185","41.306837","265 college st, new haven, ct 06510, usa","Geocoded"
208,"Corral ","","727 Bank St. ","New London","CT","(YC),(D),(*)","Bars/Clubs",1974,NA,NA,NA,"4/6/2020 5:54pm","7/23/2020 7:24pm","727 Bank St. , New London, CT","-72.1052812","41.349469","727 bank st, new london, ct 06320, usa","Geocoded"
209,"Harbor ","","157 Bank St. ","New London","CT","(M)","Bars/Clubs",1974,NA,NA,NA,"4/6/2020 5:54pm","7/23/2020 7:24pm","157 Bank St. , New London, CT","-72.0958423","41.3524759","157 bank st, new london, ct 06320, usa","Geocoded"
210,"Hygenic Lounge ","","79 Bank St. ","New London","CT","","Bars/Clubs",1974,NA,NA,NA,"4/6/2020 5:54pm","7/23/2020 7:24pm","79 Bank St. , New London, CT","-72.0947047","41.3531069","79 bank st, new london, ct 06320, usa","Geocoded"
42,"Log Cabin","(use back entrance)","Rt. 25 ","Newtown","CT","","Bars/Clubs",1974,NA,NA,NA,"3/30/2020 6:51pm","7/23/2020 7:24pm","Rt. 25 , Newtown, CT","-73.3079652","41.412262","ct-25, connecticut, usa","Geocoded"
43,"Road House Cafe","","1388 Thomaston Ave. at Chase","Waterbury","CT","(M),(*)","Restaurant",1974,NA,NA,NA,"3/30/2020 6:51pm","7/23/2020 7:24pm","1388 Thomaston Ave. at Chase, Waterbury, CT","-73.0551009","41.5617313","95 thomaston ave # 2, waterbury, ct 06702, usa","Geocoded"
211,"Cedarbrook Inn ","","919 E. State St. ","Westport","CT","(G)","Bars/Clubs",1974,NA,NA,NA,"4/6/2020 5:57pm","7/23/2020 7:24pm","919 E. State St. , Westport, CT","-73.3379802","41.1379196","919 state st e, westport, ct 06880, usa","Geocoded"
212,"Casbar","","1277 N. Main St. ","Bridgeport","CT","(M)","Bars/Clubs",1975,NA,NA,NA,"4/6/2020 5:58pm","7/23/2020 7:24pm","1277 N. Main St. , Bridgeport, CT","-73.1808077","41.1920675","1277 e main st, bridgeport, ct 06608, usa","Geocoded"
213,"Penthouse ","(Some G)","54 E. Washington ","Bridgeport","CT","(YC),(D),(G),(*)","Bars/Clubs",1975,NA,NA,NA,"4/6/2020 5:59pm","7/23/2020 7:24pm","54 E. Washington , Bridgeport, CT","-73.1917933","41.1853398","54 e washington ave, bridgeport, ct 06604, usa","Geocoded"
44,"Brass Rail ","","141 Main St. ","Danbury","CT","(*)","Bars/Clubs",1975,NA,NA,NA,"3/30/2020 6:51pm","7/23/2020 7:24pm","141 Main St. , Danbury, CT","-73.449955","41.3926826","141 main st, danbury, ct 06810, usa","Geocoded"
214,"Glen Acres ","(Springdale)","44 Poplar Rd. ","Glenbrook","CT","(M)","Bars/Clubs",1975,NA,NA,NA,"4/6/2020 6:00pm","7/23/2020 7:24pm","44 Poplar Rd. , Glenbrook, CT","-73.518478","41.07925","44 poplar st, stamford, ct 06907, usa","Geocoded"
45,"Homestead Inn ","","44 Field Pt. Rd. ","Greenwich","CT","(M),(R),(H)","Restaurant,Hotels",1975,NA,NA,NA,"3/30/2020 6:51pm","7/23/2020 7:24pm","44 Field Pt. Rd. , Greenwich, CT","-73.628584","41.0265386","44 field point rd, greenwich, ct 06830, usa","Geocoded"
46,"Cafe Lib ","","132 New Park Ave. ","Hartford","CT","(G)","Bars/Clubs",1975,NA,NA,NA,"3/30/2020 6:51pm","7/23/2020 7:24pm","132 New Park Ave. , Hartford, CT","-72.7084785","41.7529835","132 new park ave, hartford, ct 06106, usa","Geocoded"
215,"Loft ","(Unisex)","495 1/2 Farmington Ave. ","Hartford","CT","(C),(R),(YC),(HIP),(B),(D),(*),(S)","Restaurant",1975,NA,NA,NA,"4/6/2020 6:01pm","7/23/2020 7:24pm","495 1/2 Farmington Ave. , Hartford, CT","-72.6876004","41.7680811","1 farmington ave #495, hartford, ct 06105, usa","Geocoded"
216,"Nick's Steak House ","(Adm. charge back room weekends)","1943 Broad St. ","Hartford","CT","(YC),(D),(*)","Bars/Clubs",1975,NA,NA,NA,"4/6/2020 6:03pm","7/23/2020 7:24pm","1943 Broad St. , Hartford, CT","-72.6875938","41.7392804","1943 broad st, hartford, ct 06114, usa","Geocoded"
217,"Park West ","(some G)","1615 Park St. ","Hartford","CT","(D),(G),(*)","Bars/Clubs",1975,NA,NA,NA,"4/6/2020 6:03pm","7/23/2020 7:24pm","1615 Park St. , Hartford, CT","-72.7052738","41.7572817","1615 park st, hartford, ct 06106, usa","Geocoded"
218,"Riviera Lounge ","","238 Colombus Blvd. ","Hartford","CT","","Bars/Clubs",1975,NA,NA,NA,"4/6/2020 6:04pm","7/23/2020 7:24pm","238 Colombus Blvd. , Hartford, CT","-72.6694693","41.7642353","238 columbus blvd, hartford, ct 06103, usa","Geocoded"
219,"Warehouse ","(Some G) ","61 Woodbine at Capitol Ave. ","Hartford","CT","(YC),(D),(*),(G)","Bars/Clubs",1975,NA,NA,NA,"4/6/2020 6:04pm","7/23/2020 7:24pm","61 Woodbine at Capitol Ave. , Hartford, CT","-72.6957851","41.762816","capitol ave, hartford, ct, usa","Geocoded"
47,"Hungry Charlie's ","","300 York ","New Haven","CT","(HIP),(M),(YC),(R)","Restaurant",1975,NA,NA,NA,"3/30/2020 6:51pm","7/23/2020 7:24pm","300 York , New Haven, CT","-72.9301386","41.3117776","300 york st, new haven, ct 06511, usa","Geocoded"
222,"Jacko Sullivans ","","1166 Chapel St. ","New Haven","CT","(M),(YC)","Bars/Clubs",1975,NA,NA,NA,"4/6/2020 6:06pm","7/23/2020 7:24pm","1166 Chapel St. , New Haven, CT","-72.9332069","41.3085692","1166 chapel st, new haven, ct 06511, usa","Geocoded"
223,"Malone's Three Stines ","","255 Church St. ","New Haven","CT","(YC),(*),(HIP),(D)","Bars/Clubs",1975,NA,NA,NA,"4/6/2020 6:07pm","7/23/2020 7:24pm","255 Church St. , New Haven, CT","-72.9223759","41.309945","255 church st, new haven, ct 06510, usa","Geocoded"
224,"Parkway ","($2 min on weekends)","1574 Chapel St. ","New Haven","CT","(HIP),(YC),(D),(*)","Bars/Clubs",1975,NA,NA,NA,"4/6/2020 6:08pm","7/23/2020 7:24pm","1574 Chapel St. , New Haven, CT","-72.9490555","41.3120663","1574 chapel st, new haven, ct 06511, usa","Geocoded"
226,"Poor Lads","","204 Crown St. ","New Haven","CT","(M),(PE)","Bars/Clubs",1975,NA,NA,NA,"4/6/2020 6:08pm","7/23/2020 7:24pm","204 Crown St. , New Haven, CT","-72.9285928","41.3052765","204 crown st, new haven, ct 06510, usa","Geocoded"
227,"Pub Restaurant ","","1132 Chapel ","New Haven","CT","(*)","Restaurant",1975,NA,NA,NA,"4/6/2020 6:08pm","7/23/2020 7:24pm","1132 Chapel , New Haven, CT","-72.9319417","41.3083277","1132 chapel st, new haven, ct 06511, usa","Geocoded"
48,"Whole Thing","(Some B)","1239 Chapel St. ","New Haven","CT","(YC),(D),(HIP),(B),(*)","Bars/Clubs",1975,NA,NA,NA,"3/30/2020 6:51pm","7/23/2020 7:24pm","1239 Chapel St. , New Haven, CT","-72.9355536","41.3095322","1239 chapel st, new haven, ct 06511, usa","Geocoded"
229,"Corral ","","727 Bank St. ","New London","CT","(YC),(D),(*)","Bars/Clubs",1975,NA,NA,NA,"4/6/2020 6:10pm","7/23/2020 7:24pm","727 Bank St. , New London, CT","-72.1052812","41.349469","727 bank st, new london, ct 06320, usa","Geocoded"
230,"Harbor ","","157 Bank St. ","New London","CT","(M)","Bars/Clubs",1975,NA,NA,NA,"4/6/2020 6:10pm","7/23/2020 7:24pm","157 Bank St. , New London, CT","-72.0958423","41.3524759","157 bank st, new london, ct 06320, usa","Geocoded"
231,"Hygenic Lounge ","","79 Bank St. ","New London","CT","","Bars/Clubs",1975,NA,NA,NA,"4/6/2020 6:10pm","7/23/2020 7:24pm","79 Bank St. , New London, CT","-72.0947047","41.3531069","79 bank st, new london, ct 06320, usa","Geocoded"
232,"Road House Cafe","","1388 Thomaston Ave. at Chase","Waterbury","CT","(M),(*)","Restaurant",1975,NA,NA,NA,"4/6/2020 6:11pm","7/23/2020 7:24pm","1388 Thomaston Ave. at Chase, Waterbury, CT","-73.0551009","41.5617313","95 thomaston ave # 2, waterbury, ct 06702, usa","Geocoded"
233,"Cedarbrook Inn ","","919 E. State St. ","Westport","CT","(G)","Bars/Clubs",1975,NA,NA,NA,"4/6/2020 6:12pm","7/23/2020 7:24pm","919 E. State St. , Westport, CT","-73.3379802","41.1379196","919 state st e, westport, ct 06880, usa","Geocoded"
51,"Black Rock ","","2931 Fairfield Ave. ","Bridgeport","CT","(R),(OC),(G)","Bars/Clubs",1976,NA,NA,NA,"3/30/2020 6:51pm","7/23/2020 7:24pm","2931 Fairfield Ave. , Bridgeport, CT","-73.2275664","41.156396","2931 fairfield ave, bridgeport, ct 06605, usa","Geocoded"
52,"Casbar ","","1277 N. Main St. ","Bridgeport","CT","(*)","Bars/Clubs",1976,NA,NA,NA,"3/30/2020 6:51pm","7/23/2020 7:24pm","1277 N. Main St. , Bridgeport, CT","-73.1808077","41.1920675","1277 e main st, bridgeport, ct 06608, usa","Geocoded"
53,"Penthouse ","(Some G)","54 E. Washington ","Bridgeport","CT","(YC),(D),(G),(*)","Bars/Clubs",1976,NA,NA,NA,"3/30/2020 6:51pm","7/23/2020 7:24pm","54 E. Washington , Bridgeport, CT","-73.1917933","41.1853398","54 e washington ave, bridgeport, ct 06604, usa","Geocoded"
54,"Brass Rail ","","141 Main St. ","Danbury","CT","(*)","Bars/Clubs",1976,NA,NA,NA,"3/30/2020 6:51pm","7/23/2020 7:24pm","141 Main St. , Danbury, CT","-73.449955","41.3926826","141 main st, danbury, ct 06810, usa","Geocoded"
55,"Homestead Inn ","","44 Field Pt. Rd. ","Greenwich","CT","(M),(R),(H)","Restaurant,Hotels",1976,NA,NA,NA,"3/30/2020 6:51pm","7/23/2020 7:24pm","44 Field Pt. Rd. , Greenwich, CT","-73.628584","41.0265386","44 field point rd, greenwich, ct 06830, usa","Geocoded"
93,"Attic ","(Unisex)(Upstairs)","495 1/2 Farmington","Hartford","CT","(D),(AH)","Bars/Clubs",1976,NA,NA,NA,"4/6/2020 4:40pm","7/23/2020 7:24pm","495 1/2 Farmington, Hartford, CT","-72.6876004","41.7680811","1 farmington ave #495, hartford, ct 06105, usa","Geocoded"
94,"Cafe Lib ","(Some G)","132 New Park Ave. ","Hartford","CT","(G)","Bars/Clubs",1976,NA,NA,NA,"4/6/2020 4:40pm","7/23/2020 7:24pm","132 New Park Ave. , Hartford, CT","-72.7084785","41.7529835","132 new park ave, hartford, ct 06106, usa","Geocoded"
95,"Civic Book Store ","","240 Trumbull St. ","Hartford","CT","","Book Store",1976,NA,NA,NA,"4/6/2020 4:40pm","7/23/2020 7:24pm","240 Trumbull St. , Hartford, CT","-72.6750253","41.7680109","240 trumbull st, hartford, ct 06103, usa","Geocoded"
96,"M.C.C.","","1 Amity St. ","Hartford","CT","","Church",1976,NA,NA,NA,"4/6/2020 4:40pm","7/23/2020 7:24pm","1 Amity St. , Hartford, CT","-72.7099341","41.7565939","1 amity st, hartford, ct 06106, usa","Geocoded"
97,"Nick's Steak House ","(Disco)","1943 Broad St. ","Hartford","CT","(YC),(D),(*)","Bars/Clubs",1976,NA,NA,NA,"4/6/2020 4:41pm","7/23/2020 7:24pm","1943 Broad St. , Hartford, CT","-72.6875938","41.7392804","1943 broad st, hartford, ct 06114, usa","Geocoded"
98,"Warehouse ","(Some G)($1.00 adm. WE)","61 Woodbine at Capitol ","Hartford","CT","(M),(YC),(D),(G),(*),(WE)","Bars/Clubs",1976,NA,NA,NA,"4/6/2020 4:41pm","7/23/2020 7:24pm","61 Woodbine at Capitol , Hartford, CT","-72.6683378","41.7818449","61 savitt way, hartford, ct 06120, usa","Geocoded"
101,"Hungry Charlie's ","","300 York ","New Haven","CT","(HIP),(M),(YC),(R)","Restaurant",1976,NA,NA,NA,"4/6/2020 4:41pm","7/23/2020 7:24pm","300 York , New Haven, CT","-72.9301386","41.3117776","300 york st, new haven, ct 06511, usa","Geocoded"
102,"Jacko Sullivan's ","","1166 Chapel St. ","New Haven","CT","(M),(YC)","Bars/Clubs",1976,NA,NA,NA,"4/6/2020 4:41pm","7/23/2020 7:24pm","1166 Chapel St. , New Haven, CT","-72.9332069","41.3085692","1166 chapel st, new haven, ct 06511, usa","Geocoded"
103,"Parkway ","(Some G)","1574 Chapel St. ","New Haven","CT","(M),(RT),(G)","Bars/Clubs",1976,NA,NA,NA,"4/6/2020 4:41pm","7/23/2020 7:24pm","1574 Chapel St. , New Haven, CT","-72.9490555","41.3120663","1574 chapel st, new haven, ct 06511, usa","Geocoded"
104,"Partners ","(This is where it's happening in New Haven- 3 floors- Basement is (G)(D) Main floor is (YC)(W) and Top Floor is (HIP)(YC)(D)","365 Crown St. at Park","New Haven","CT","(*),(G),(D),(YC),(W),(HIP)","Bars/Clubs",1976,NA,NA,NA,"4/6/2020 4:41pm","7/23/2020 7:24pm","365 Crown St. at Park, New Haven, CT","-72.9340374","41.30801","365 crown st, new haven, ct 06511, usa","Geocoded"
105,"Poor Lad's ","","204 Crown St. ","New Haven","CT","(M),(PE),(R)","Restaurant",1976,NA,NA,NA,"4/6/2020 4:41pm","7/23/2020 7:24pm","204 Crown St. , New Haven, CT","-72.9285928","41.3052765","204 crown st, new haven, ct 06510, usa","Geocoded"
106,"Pub Restaurant ","(best during cocktail hour)","1132 Chapel St. ","New Haven","CT","(*),(OC),(R)","Restaurant",1976,NA,NA,NA,"4/6/2020 4:41pm","7/23/2020 7:24pm","1132 Chapel St. , New Haven, CT","-72.9319417","41.3083277","1132 chapel st, new haven, ct 06511, usa","Geocoded"
107,"Whole Thing ","","1239 Chapel St. ","New Haven","CT","(M),(B),(D),(S),(*)","Bars/Clubs",1976,NA,NA,NA,"4/6/2020 4:41pm","7/23/2020 7:24pm","1239 Chapel St. , New Haven, CT","-72.9355536","41.3095322","1239 chapel st, new haven, ct 06511, usa","Geocoded"
109,"Corral ","(Also H)","727 Bank St. ","New London","CT","(YC),(D),(*),(H)","Bars/Clubs",1976,NA,NA,NA,"4/6/2020 4:41pm","7/23/2020 7:24pm","727 Bank St. , New London, CT","-72.1052812","41.349469","727 bank st, new london, ct 06320, usa","Geocoded"
110,"Road House Cafe ","","1388 Thomaston Ave. at Chase","Waterbury","CT","(D),(*)","Bars/Clubs",1976,NA,NA,NA,"4/6/2020 4:41pm","7/23/2020 7:24pm","1388 Thomaston Ave. at Chase, Waterbury, CT","-73.0551009","41.5617313","95 thomaston ave # 2, waterbury, ct 06702, usa","Geocoded"
111,"The Brook ","(Exit 18, off I-91)","919 E. State St. ","Westport","CT","(YC),(D),(*)","Bars/Clubs",1976,NA,NA,NA,"4/6/2020 4:41pm","7/23/2020 7:24pm","919 E. State St. , Westport, CT","-73.3379802","41.1379196","919 state st e, westport, ct 06880, usa","Geocoded"
112,"Black Rock ","","2931 Fairfield Avenue ","Bridgeport","CT","(R),(OC),(G)","Restaurant",1977,NA,NA,NA,"4/6/2020 4:41pm","7/23/2020 7:24pm","2931 Fairfield Avenue , Bridgeport, CT","-73.2275664","41.156396","2931 fairfield ave, bridgeport, ct 06605, usa","Geocoded"
113,"Casbar ","(Drags)","1277 North Main Street ","Bridgeport","CT","(M),(RT),(B),(WE),(*)","Bars/Clubs",1977,NA,NA,NA,"4/6/2020 4:41pm","7/23/2020 7:24pm","1277 North Main Street , Bridgeport, CT","-73.1808077","41.1920675","1277 e main st, bridgeport, ct 06608, usa","Geocoded"
114,"Penthouse ","","54 East Washington ","Bridgeport","CT","(M)","Bars/Clubs",1977,NA,NA,NA,"4/6/2020 4:41pm","7/23/2020 7:24pm","54 East Washington , Bridgeport, CT","-73.1917933","41.1853398","54 e washington ave, bridgeport, ct 06604, usa","Geocoded"
115,"Homestead Inn ","","44 Field Pt. Rd. ","Greenwich","CT","(M),(R),(H)","Restaurant,Hotels",1977,NA,NA,NA,"4/6/2020 4:41pm","7/23/2020 7:24pm","44 Field Pt. Rd. , Greenwich, CT","-73.628584","41.0265386","44 field point rd, greenwich, ct 06830, usa","Geocoded"
116,"Cafe Lib ","","132 New Park Aven","Hartford","CT","(G)","Bars/Clubs",1977,NA,NA,NA,"4/6/2020 4:41pm","7/23/2020 7:24pm","132 New Park Aven, Hartford, CT","-72.7084785","41.7529835","132 new park ave, hartford, ct 06106, usa","Geocoded"
117,"Chez Est","(looks promising)","238 Columbus Boulevard ","Hartford","CT","(OC)","Bars/Clubs",1977,NA,NA,NA,"4/6/2020 4:41pm","7/23/2020 7:24pm","238 Columbus Boulevard , Hartford, CT","-72.6694693","41.7642353","238 columbus blvd, hartford, ct 06103, usa","Geocoded"
118,"Club Hartford Baths ","(East Hartford)","1169 Main Street","Hartford","CT","","Baths",1977,NA,NA,NA,"4/6/2020 4:41pm","7/23/2020 7:24pm","1169 Main Street, Hartford, CT","-72.6748214","41.7707614","1169 main st, hartford, ct 06103, usa","Geocoded"
119,"Finocchio's East ","(Disco)(Some G)(W. Hartford)","161 Dexter Avenue ","Hartford","CT","(M),(D),(S),(R),(G),(*)","Restaurant",1977,NA,NA,NA,"4/6/2020 4:41pm","7/23/2020 7:24pm","161 Dexter Avenue , Hartford, CT","-72.7161265","41.7328742","161 dexter ave, west hartford, ct 06110, usa","Geocoded"
120,"M.C.C. ","","1 Amity Street ","Hartford","CT","","Church",1977,NA,NA,NA,"4/6/2020 4:41pm","7/23/2020 7:24pm","1 Amity Street , Hartford, CT","-72.7099341","41.7565939","1 amity st, hartford, ct 06106, usa","Geocoded"
121,"Nick's Cafe House ","(Disco) ","1943 Broad ","Hartford","CT","(D),(*)","Bars/Clubs",1977,NA,NA,NA,"4/6/2020 4:41pm","7/23/2020 7:24pm","1943 Broad , Hartford, CT","-72.6875938","41.7392804","1943 broad st, hartford, ct 06114, usa","Geocoded"
122,"Warehouse ","(Unisex)(Disco)($1.00 adm WE)","61 Woodbine at Capitol ","Hartford","CT","(M),(YC),(D),(PT),(AH),(WE),(*)","Bars/Clubs",1977,NA,NA,NA,"4/6/2020 4:41pm","7/23/2020 7:24pm","61 Woodbine at Capitol , Hartford, CT","-72.6683378","41.7818449","61 savitt way, hartford, ct 06120, usa","Geocoded"
125,"Jacko Sullivan's ","","1166 Chapel Street ","New Haven","CT","(M),(YC)","Bars/Clubs",1977,NA,NA,NA,"4/6/2020 4:41pm","7/23/2020 7:24pm","1166 Chapel Street , New Haven, CT","-72.9332069","41.3085692","1166 chapel st, new haven, ct 06511, usa","Geocoded"
126,"Neuter Rooster ","(Disco)","102 Hamilton St.","New Haven","CT","(YC),(D),(*)","Bars/Clubs",1977,NA,NA,NA,"4/6/2020 4:41pm","7/23/2020 7:24pm","102 Hamilton St., New Haven, CT","-72.9130659","41.3059012","102 hamilton st, new haven, ct 06511, usa","Geocoded"
127,"Parkway ","(Some G)","1574 Chapel St. ","New Haven","CT","(M),(RT),(G)","Bars/Clubs",1977,NA,NA,NA,"4/6/2020 4:41pm","7/23/2020 7:24pm","1574 Chapel St. , New Haven, CT","-72.9490555","41.3120663","1574 chapel st, new haven, ct 06511, usa","Geocoded"
128,"Partner's ","","365 Crown St. ","New Haven","CT","(G),(D),(W),(YC),(HIP),(*)","Bars/Clubs",1977,NA,NA,NA,"4/6/2020 4:41pm","7/23/2020 7:24pm","365 Crown St. , New Haven, CT","-72.9340374","41.30801","365 crown st, new haven, ct 06511, usa","Geocoded"
129,"Pub Restaurant ","(great during cocktail hour)","1132 Chapel St. ","New Haven","CT","(R),(*)","Restaurant",1977,NA,NA,NA,"4/6/2020 4:41pm","7/23/2020 7:24pm","1132 Chapel St. , New Haven, CT","-72.9319417","41.3083277","1132 chapel st, new haven, ct 06511, usa","Geocoded"
130,"Superbooks ","","1130 Chapel St. ","New Haven","CT","","Book Store",1977,NA,NA,NA,"4/6/2020 4:41pm","7/23/2020 7:24pm","1130 Chapel St. , New Haven, CT","-72.9318617","41.308374","1130 chapel st, new haven, ct 06511, usa","Geocoded"
132,"Corral ","(also H)","727 Bank Street ","New London","CT","(YC),(D),(*),(H)","Hotels,Bars/Clubs",1977,NA,NA,NA,"4/6/2020 4:41pm","7/23/2020 7:24pm","727 Bank Street , New London, CT","-72.1052812","41.349469","727 bank st, new london, ct 06320, usa","Geocoded"
133,"Frank's Place ","(Open 11am- good days)","9 Tilley at Bank Street ","New London","CT","","Bars/Clubs",1977,NA,NA,NA,"4/6/2020 4:41pm","7/23/2020 7:24pm","9 Tilley at Bank Street , New London, CT","-72.0972273","41.3517465","9 tilley st, new london, ct 06320, usa","Geocoded"
134,"Uncle Mary's ","(Disco)(Some G)(Route 7) ","233 Main Ave","Norwalk","CT","(D),(G),(*)","Bars/Clubs",1977,NA,NA,NA,"4/6/2020 4:41pm","7/23/2020 7:24pm","233 Main Ave, Norwalk, CT","-73.4238853","41.1315667","233 main ave, norwalk, ct 06851, usa","Geocoded"
135,"Road House Cafe ","","1388 Thomaston Ave. at Chase St.","Waterbury","CT","(D),(*)","Bars/Clubs",1977,NA,NA,NA,"4/6/2020 4:41pm","7/23/2020 7:24pm","1388 Thomaston Ave. at Chase St., Waterbury, CT","-73.0483448","41.585005","1388 thomaston ave, waterbury, ct 06704, usa","Geocoded"
136,"The Brook Cafe ","(Disco)(Don't miss if anywhere in the area- also (G)(D)(PT) in separate back room) (U.S. 1) Exit 18 off I-95","919 East State Street","Westport","CT","(YC),(D),(*),(G),(PT)","Bars/Clubs",1977,NA,NA,NA,"4/6/2020 4:41pm","7/23/2020 7:24pm","919 East State Street, Westport, CT","-73.3379802","41.1379196","919 state st e, westport, ct 06880, usa","Geocoded"
137,"Black Rock ","","2931 Fairfield Ave. ","Bridgeport","CT","(R),(OC),(G)","Restaurant",1978,NA,NA,NA,"4/6/2020 4:41pm","7/23/2020 7:24pm","2931 Fairfield Ave. , Bridgeport, CT","-73.2275664","41.156396","2931 fairfield ave, bridgeport, ct 06605, usa","Geocoded"
138,"Casbah ","(Drags)","1277 No. Main St. ","Bridgeport","CT","(M),(RT),(B),(WE),(*)","Bars/Clubs",1978,NA,NA,NA,"4/6/2020 4:41pm","7/23/2020 7:24pm","1277 No. Main St. , Bridgeport, CT","-73.1808077","41.1920675","1277 e main st, bridgeport, ct 06608, usa","Geocoded"
139,"Homestead Inn","","44 Field Pt. Rd. ","Greenwich","CT","(M),(R),(H)","Restaurant,Hotels",1978,NA,NA,NA,"4/6/2020 4:41pm","7/23/2020 7:24pm","44 Field Pt. Rd. , Greenwich, CT","-73.628584","41.0265386","44 field point rd, greenwich, ct 06830, usa","Geocoded"
140,"Cafe Lib ","","132 New Park Ave. ","Hartford","CT","(G)","Bars/Clubs",1978,NA,NA,NA,"4/6/2020 4:41pm","7/23/2020 7:24pm","132 New Park Ave. , Hartford, CT","-72.7084785","41.7529835","132 new park ave, hartford, ct 06106, usa","Geocoded"
141,"Chez Est. ","(Some OC)(Cruisy)","238 Columbus Blvd. ","Hartford","CT","(E),(OC),(*),Cruisy Area","Bars/Clubs,Cruising Areas",1978,NA,NA,NA,"4/6/2020 4:41pm","7/23/2020 7:24pm","238 Columbus Blvd. , Hartford, CT","-72.6694693","41.7642353","238 columbus blvd, hartford, ct 06103, usa","Geocoded"
142,"Club Hartford Baths ","(E. Hartford)","1169 Main St. ","Hartford","CT","(*)","Baths",1978,NA,NA,NA,"4/6/2020 4:41pm","7/23/2020 7:24pm","1169 Main St. , Hartford, CT","-72.6748214","41.7707614","1169 main st, hartford, ct 06103, usa","Geocoded"
143,"Finocchio's East ","(Very M)(Unisex)(Disco)(W. Hartford)","161 Dexter Ave. ","Hartford","CT","(M),(YC),(D),(S)","Bars/Clubs",1978,NA,NA,NA,"4/6/2020 4:41pm","7/23/2020 7:24pm","161 Dexter Ave. , Hartford, CT","-72.7161265","41.7328742","161 dexter ave, west hartford, ct 06110, usa","Geocoded"
144,"M.C.C. ","","1 Amity St. ","Hartford","CT","","Church",1978,NA,NA,NA,"4/6/2020 4:41pm","7/23/2020 7:24pm","1 Amity St. , Hartford, CT","-72.7099341","41.7565939","1 amity st, hartford, ct 06106, usa","Geocoded"
145,"Nick's Cafe House ","(Disco)","1943 Broad ","Hartford","CT","(R),(D)","Restaurant",1978,NA,NA,NA,"4/6/2020 4:41pm","7/23/2020 7:24pm","1943 Broad , Hartford, CT","-72.6875938","41.7392804","1943 broad st, hartford, ct 06114, usa","Geocoded"
147,"Warehouse ","(Unisex)(Disco)(Adm.)","61 Woodbine at Capitol ","Hartford","CT","(M),(YC),(*),(D),(PT),(AH),(WE)","Bars/Clubs",1978,NA,NA,NA,"4/6/2020 4:41pm","7/23/2020 7:24pm","61 Woodbine at Capitol , Hartford, CT","-72.6683378","41.7818449","61 savitt way, hartford, ct 06120, usa","Geocoded"
148,"Consititution Plaza","","","Hartford","CT","","Cruising Areas",1978,NA,NA,NA,"4/6/2020 4:41pm","7/23/2020 7:24pm",", Hartford, CT","-72.6733723","41.7658043","hartford, ct, usa","Geocoded"
149,"Garden St. ","(HOT)","","Hartford","CT","","Cruising Areas",1978,NA,NA,NA,"4/6/2020 4:41pm","7/23/2020 7:24pm",", Hartford, CT","-72.6733723","41.7658043","hartford, ct, usa","Geocoded"
150,"'The Dikes'","East-West service road off I-91 No.","","Hartford","CT","","Cruising Areas",1978,NA,NA,NA,"4/6/2020 4:41pm","7/23/2020 7:24pm",", Hartford, CT","-72.6733723","41.7658043","hartford, ct, usa","Geocoded"
151,"Arthur's Place ","","334 Whalley Ave. ","New Haven","CT","(YC),(B),(D)","Bars/Clubs",1978,NA,NA,NA,"4/6/2020 4:41pm","7/23/2020 7:24pm","334 Whalley Ave. , New Haven, CT","-72.9441149","41.3169229","334 whalley ave, new haven, ct 06511, usa","Geocoded"
152,"Dungeon ","(Disco)","39 Crown St. at Church ","New Haven","CT","(D),(YC),(*)","Bars/Clubs",1978,NA,NA,NA,"4/6/2020 4:41pm","7/23/2020 7:24pm","39 Crown St. at Church , New Haven, CT","-72.9248443","41.3041489","39 crown st, new haven, ct 06510, usa","Geocoded"
153,"Howard Johnson's ","Long Wharf","400 Sargent Dr. ","New Haven","CT","(M),(R),(C),(AH)","Restaurant",1978,NA,NA,NA,"4/6/2020 4:41pm","7/23/2020 7:24pm","400 Sargent Dr. , New Haven, CT","-72.9201837","41.2945068","400 sargent dr, new haven, ct 06511, usa","Geocoded"
154,"Neuter Rooster ","(Very M)(Disco)","102 Hamilton St. ","New Haven","CT","(M),(D)","Bars/Clubs",1978,NA,NA,NA,"4/6/2020 4:41pm","7/23/2020 7:24pm","102 Hamilton St. , New Haven, CT","-72.9130659","41.3059012","102 hamilton st, new haven, ct 06511, usa","Geocoded"
155,"Parkway ","(Some G)","1574 Chapel St. ","New Haven","CT","(M),(RT),(G)","Bars/Clubs",1978,NA,NA,NA,"4/6/2020 4:41pm","7/23/2020 7:24pm","1574 Chapel St. , New Haven, CT","-72.9490555","41.3120663","1574 chapel st, new haven, ct 06511, usa","Geocoded"
156,"Partner's ","","365 Crown St. ","New Haven","CT","(*),(G),(D),(W),(YC),(HIP)","Bars/Clubs",1978,NA,NA,NA,"4/6/2020 4:41pm","7/23/2020 7:24pm","365 Crown St. , New Haven, CT","-72.9340374","41.30801","365 crown st, new haven, ct 06511, usa","Geocoded"
158,"Pub ","(Good cocktail hour)","132 Chapel St. ","New Haven","CT","(R),(OC),(*)","Restaurant",1978,NA,NA,NA,"4/6/2020 4:41pm","7/23/2020 7:24pm","132 Chapel St. , New Haven, CT","-72.8971666","41.3037439","132 chapel st, new haven, ct 06513, usa","Geocoded"
234,"Superbooks ","","1130 Chapel St. ","New Haven","CT","","Book Store",1978,NA,NA,NA,"4/7/2020 2:02pm","7/23/2020 7:24pm","1130 Chapel St. , New Haven, CT","-72.9318617","41.308374","1130 chapel st, new haven, ct 06511, usa","Geocoded"
237,"Corral ","(disco)","727 Bank St. ","New London","CT","(YC),(D),(*)","Bars/Clubs",1978,NA,NA,NA,"4/7/2020 2:02pm","7/23/2020 7:24pm","727 Bank St. , New London, CT","-72.1052812","41.349469","727 bank st, new london, ct 06320, usa","Geocoded"
238,"Frank's Place ","","9 Tilley at Bank St. ","New London","CT","","Bars/Clubs",1978,NA,NA,NA,"4/7/2020 2:02pm","7/23/2020 7:24pm","9 Tilley at Bank St. , New London, CT","-72.0972273","41.3517465","9 tilley st, new london, ct 06320, usa","Geocoded"
239,"Answer Cafe ","(4 mi. W. on US 7)","235 Danbury Rd. ","New Milford","CT","(R),(D),(G),(PT),(WE),(*)","Restaurant",1978,NA,NA,NA,"4/7/2020 2:02pm","7/23/2020 7:24pm","235 Danbury Rd. , New Milford, CT","-73.4209278","41.5439632","235 danbury rd, new milford, ct 06776, usa","Geocoded"
240,"Bell II","(Disco)","440 West Port Ave. ","Norwalk","CT","(YC),(D),(*)","Bars/Clubs",1978,NA,NA,NA,"4/7/2020 2:02pm","7/23/2020 7:24pm","440 West Port Ave. , Norwalk, CT","-73.3889004","41.1259581","440 westport ave, norwalk, ct 06851, usa","Geocoded"
244,"The Brook Cafe ","(Disco)(Don't miss if anywhere in the area)(US 1) Exit 18 off I-95","919 E. State St. ","Westport","CT","(YC),(D),(*),(G),(PT)","Bars/Clubs",1978,NA,NA,NA,"4/7/2020 2:02pm","7/23/2020 7:24pm","919 E. State St. , Westport, CT","-73.3379802","41.1379196","919 state st e, westport, ct 06880, usa","Geocoded"
246,"Black Rock ","","2931 Fairfield Ave. ","Bridgeport","CT","(G),(OC),(R)","Restaurant",1979,NA,NA,NA,"4/7/2020 2:02pm","7/23/2020 7:24pm","2931 Fairfield Ave. , Bridgeport, CT","-73.2275664","41.156396","2931 fairfield ave, bridgeport, ct 06605, usa","Geocoded"
247,"Casbah ","('Drags')","1277 N. Main St. ","Bridgeport","CT","(M),(RT),(B)","Bars/Clubs",1979,NA,NA,NA,"4/7/2020 2:02pm","7/23/2020 7:24pm","1277 N. Main St. , Bridgeport, CT","-73.1808077","41.1920675","1277 e main st, bridgeport, ct 06608, usa","Geocoded"
249,"Homestead Inn ","","44 Field Pt. Rd. ","Greenwich","CT","(M),(R),(H)","Restaurant,Hotels",1979,NA,NA,NA,"4/7/2020 2:02pm","7/23/2020 7:24pm","44 Field Pt. Rd. , Greenwich, CT","-73.628584","41.0265386","44 field point rd, greenwich, ct 06830, usa","Geocoded"
250,"Banana Disco ","(Unisex)","145 Service Rd. ","Hartford","CT","(*),(YC),(D)","Bars/Clubs",1979,NA,NA,NA,"4/7/2020 2:02pm","7/23/2020 7:24pm","145 Service Rd. , Hartford, CT","-72.6574036","41.7902321","145 w service rd, hartford, ct 06120, usa","Geocoded"
251,"Chez Est. ","(Some OC)(Cruisy)","238 Columbus Blvd. ","Hartford","CT","(*),(E),(OC),Cruisy Area","Bars/Clubs,Cruising Areas",1979,NA,NA,NA,"4/7/2020 2:02pm","7/23/2020 7:24pm","238 Columbus Blvd. , Hartford, CT","-72.6694693","41.7642353","238 columbus blvd, hartford, ct 06103, usa","Geocoded"
252,"Club Hartford Baths ","(E. Hartford)","1169 Main St. ","Hartford","CT","(*)","Baths",1979,NA,NA,NA,"4/7/2020 2:02pm","7/23/2020 7:24pm","1169 Main St. , Hartford, CT","-72.6748214","41.7707614","1169 main st, hartford, ct 06103, usa","Geocoded"
254,"M.C.C.","","1 Amity Pl. ","Hartford","CT","","Church",1979,NA,NA,NA,"4/7/2020 2:02pm","7/23/2020 7:24pm","1 Amity Pl. , Hartford, CT","-72.7099341","41.7565939","1 amity st, hartford, ct 06106, usa","Geocoded"
255,"Nick's Cafe House ","","1943 Broad ","Hartford","CT","(D)","Bars/Clubs",1979,NA,NA,NA,"4/7/2020 2:02pm","7/23/2020 7:24pm","1943 Broad , Hartford, CT","-72.6875938","41.7392804","1943 broad st, hartford, ct 06114, usa","Geocoded"
256,"Ryan's Deli ","Civic Center Shopping Center","","Hartford","CT","(M),(R),(C),(AH)","Restaurant",1979,NA,NA,NA,"4/7/2020 2:02pm","7/23/2020 7:24pm",", Hartford, CT","-72.6733723","41.7658043","hartford, ct, usa","Geocoded"
257,"Warehouse ","(Unisex)(Disco)(Adm.)","61 Woodbine at Capitol ","Hartford","CT","(*),(M),(YC),(D),(PT),(AH),(WE)","Bars/Clubs",1979,NA,NA,NA,"4/7/2020 2:02pm","7/23/2020 7:24pm","61 Woodbine at Capitol , Hartford, CT","-72.6683378","41.7818449","61 savitt way, hartford, ct 06120, usa","Geocoded"
262,"After Dark ","(Disco)","20 Chestnut St. ","New Britain","CT","(YC),(D),(*)","Bars/Clubs",1979,NA,NA,NA,"4/7/2020 2:02pm","7/23/2020 7:24pm","20 Chestnut St. , New Britain, CT","-72.7806001","41.6659901","20 chestnut st, new britain, ct 06051, usa","Geocoded"
263,"Dungeon ","('Les Oubliettes')(Disco)(Cruisy)","130 Crown St. at Church ","New Haven","CT","(*),(YC),(D),Cruisy Area","Bars/Clubs,Cruising Areas",1979,NA,NA,NA,"4/7/2020 2:02pm","7/23/2020 7:24pm","130 Crown St. at Church , New Haven, CT","-72.9265396","41.3045258","130 crown st, new haven, ct 06510, usa","Geocoded"
264,"Howard Johnson's","Long Wharf","400 Sargent Dr. ","New Haven","CT","(M),(R),(C),(AH),(WE)","Restaurant",1979,NA,NA,NA,"4/8/2020 5:39pm","7/23/2020 7:24pm","400 Sargent Dr. , New Haven, CT","-72.9201837","41.2945068","400 sargent dr, new haven, ct 06511, usa","Geocoded"
265,"Nobody's Fault ","(Unisex)(Looks promising)(Disco)","334 Whalley Ave. ","New Haven","CT","(YC),(D)","Bars/Clubs",1979,NA,NA,NA,"4/8/2020 5:39pm","7/23/2020 7:24pm","334 Whalley Ave. , New Haven, CT","-72.9441149","41.3169229","334 whalley ave, new haven, ct 06511, usa","Geocoded"
266,"Olympus Books ","('wild back room')","166 York St. ","New Haven","CT","","Book Store",1979,NA,NA,NA,"4/8/2020 5:39pm","7/23/2020 7:24pm","166 York St. , New Haven, CT","-72.9321605","41.3080807","166 york st, new haven, ct 06511, usa","Geocoded"
267,"Parkway ","(Some G)","1574 Chapel St. ","New Haven","CT","(M),(RT),(G)","Bars/Clubs",1979,NA,NA,NA,"4/8/2020 5:39pm","7/23/2020 7:24pm","1574 Chapel St. , New Haven, CT","-72.9490555","41.3120663","1574 chapel st, new haven, ct 06511, usa","Geocoded"
268,"Partners ","(Disco)","365 Crown St. ","New Haven","CT","(*),(G),(D),(W),(YC),(HIP)","Bars/Clubs",1979,NA,NA,NA,"4/8/2020 5:39pm","7/23/2020 7:24pm","365 Crown St. , New Haven, CT","-72.9340374","41.30801","365 crown st, new haven, ct 06511, usa","Geocoded"
269,"Pub Cafe ","(Cruisy)","168 York St. ","New Haven","CT","(*),Cruisy Area","Bars/Clubs",1979,NA,NA,NA,"4/8/2020 5:39pm","7/23/2020 7:24pm","168 York St. , New Haven, CT","-72.932154","41.308158","168 york st, new haven, ct 06511, usa","Geocoded"
270,"Superbooks ","","1130 Chapel St. ","New Haven","CT","(M),(*)","Book Store",1979,NA,NA,NA,"4/8/2020 5:39pm","7/23/2020 7:24pm","1130 Chapel St. , New Haven, CT","-72.9318617","41.308374","1130 chapel st, new haven, ct 06511, usa","Geocoded"
274,"Corral ","(Disco)","727 Bank St. ","New London","CT","(YC),(D),(*)","Bars/Clubs",1979,NA,NA,NA,"4/8/2020 5:39pm","7/23/2020 7:24pm","727 Bank St. , New London, CT","-72.1052812","41.349469","727 bank st, new london, ct 06320, usa","Geocoded"
275,"Frank's Place ","","9 Tilley at Bank St. ","New London","CT","(OC)","Bars/Clubs",1979,NA,NA,NA,"4/8/2020 5:39pm","7/23/2020 7:24pm","9 Tilley at Bank St. , New London, CT","-72.0972273","41.3517465","9 tilley st, new london, ct 06320, usa","Geocoded"
276,"Salty Dog ","(Looks promising)","95 Pequot Ave. ","New London","CT","(M),(YC)","Bars/Clubs",1979,NA,NA,NA,"4/8/2020 5:39pm","7/23/2020 7:24pm","95 Pequot Ave. , New London, CT","-72.1000971","41.3390739","95 pequot ave, new london, ct 06320, usa","Geocoded"
278,"Answer Cafe ","(Some G)(4 mi. W. on US 7)","235 Dansbury Rd. ","New Milford","CT","(*),(R),(D),(G),(PT)","Restaurant",1979,NA,NA,NA,"4/8/2020 5:39pm","7/23/2020 7:24pm","235 Dansbury Rd. , New Milford, CT","-73.4209278","41.5439632","235 danbury rd, new milford, ct 06776, usa","Geocoded"
279,"The Brook Cafe ","(Disco)(Don't miss if anywhere in the area) (US 1) Exit 18 off I-95","919 Post Rd. E. ","Westport","CT","(*),(YC),(D),(G),(PT)","Bars/Clubs",1979,NA,NA,NA,"4/8/2020 5:39pm","7/23/2020 7:24pm","919 Post Rd. E. , Westport, CT","-73.3335309","41.1385827","919 post rd e, westport, ct 06880, usa","Geocoded"
282,"Black Rock ","","2931 Fairfield Ave.","Bridgeport","CT","(L),(OC),(R)","Restaurant",1980,NA,NA,NA,"4/8/2020 5:39pm","7/23/2020 7:24pm","2931 Fairfield Ave., Bridgeport, CT","-73.2275664","41.156396","2931 fairfield ave, bridgeport, ct 06605, usa","Geocoded"
283,"Casbah ","('Drags')","1277 N. Main St. ","Bridgeport","CT","(M),(RT),(B)","Bars/Clubs",1980,NA,NA,NA,"4/8/2020 5:39pm","7/23/2020 7:24pm","1277 N. Main St. , Bridgeport, CT","-73.1808077","41.1920675","1277 e main st, bridgeport, ct 06608, usa","Geocoded"
287,"Homestead Inn","","44 Field Pt. Rd. ","Greenwich","CT","(M),(R),(H)","Restaurant,Hotels",1980,NA,NA,NA,"4/8/2020 5:39pm","7/23/2020 7:24pm","44 Field Pt. Rd. , Greenwich, CT","-73.628584","41.0265386","44 field point rd, greenwich, ct 06830, usa","Geocoded"
288,"Banana Disco ","(Unisex) ","145 Service Rd. ","Hartford","CT","(*),(YC),(D)","Bars/Clubs",1980,NA,NA,NA,"4/8/2020 5:39pm","7/23/2020 7:24pm","145 Service Rd. , Hartford, CT","-72.6574036","41.7902321","145 w service rd, hartford, ct 06120, usa","Geocoded"
289,"Chez Est","(Some OC)(Cruisy)(Good cocktail hour)","238 Columbus Blvd. ","Hartford","CT","(*),(OC),Cruisy Area","Bars/Clubs",1980,NA,NA,NA,"4/8/2020 5:39pm","7/23/2020 7:24pm","238 Columbus Blvd. , Hartford, CT","-72.6694693","41.7642353","238 columbus blvd, hartford, ct 06103, usa","Geocoded"
290,"Club Hartford Baths ","(E. Hartford)","1169 Main St. ","Hartford","CT","(*)","Baths",1980,NA,NA,NA,"4/8/2020 5:39pm","7/23/2020 7:24pm","1169 Main St. , Hartford, CT","-72.6748214","41.7707614","1169 main st, hartford, ct 06103, usa","Geocoded"
291,"Evergreen Cafe ","(Disco)","49 Webster St. ","Hartford","CT","(L),(D),(*)","Bars/Clubs",1980,NA,NA,NA,"4/8/2020 5:39pm","7/23/2020 7:24pm","49 Webster St. , Hartford, CT","-72.6834122","41.7448002","49 webster st, hartford, ct 06114, usa","Geocoded"
293,"M.C.C.","","1 Amity Pl. ","Hartford","CT","","Church",1980,NA,NA,NA,"4/8/2020 5:39pm","7/23/2020 7:24pm","1 Amity Pl. , Hartford, CT","-72.7099341","41.7565939","1 amity st, hartford, ct 06106, usa","Geocoded"
294,"Nick's Cafe House ","(Some M, OC)","1943 Broad ","Hartford","CT","(D),(M),(OC)","Bars/Clubs",1980,NA,NA,NA,"4/8/2020 5:39pm","7/23/2020 7:24pm","1943 Broad , Hartford, CT","-72.6875938","41.7392804","1943 broad st, hartford, ct 06114, usa","Geocoded"
295,"Olympus Book Store ","","288 Asylum ","Hartford","CT","","Book Store",1980,NA,NA,NA,"4/8/2020 5:39pm","7/23/2020 7:24pm","288 Asylum , Hartford, CT","-72.6784219","41.7675682","288 asylum st, hartford, ct 06103, usa","Geocoded"
296,"Rein's Deli ","Civic Center Shopping Center ","","Hartford","CT","(M),(R),(C),(AH)","Restaurant",1980,NA,NA,NA,"4/8/2020 5:39pm","7/23/2020 7:24pm",", Hartford, CT","-72.6733723","41.7658043","hartford, ct, usa","Geocoded"
297,"Tres Jolie ","(Looks promising)","1615 Park Ave. ","Hartford","CT","(R)","Restaurant",1980,NA,NA,NA,"4/8/2020 5:39pm","7/23/2020 7:24pm","1615 Park Ave. , Hartford, CT","-72.6250369","41.7806683","park ave, east hartford, ct 06108, usa","Geocoded"
298,"Warehouse ","(Disco)(Adm.)","61 Woodbine at Capitol ","Hartford","CT","(*),(D),(YC),(W),(SM),(B)","Bars/Clubs",1980,NA,NA,NA,"4/8/2020 5:39pm","7/23/2020 7:24pm","61 Woodbine at Capitol , Hartford, CT","-72.6683378","41.7818449","61 savitt way, hartford, ct 06120, usa","Geocoded"
307,"Howard Johnson's ","Long Wharf","400 Sargent Dr. ","New Haven","CT","(M),(R),(C),(AH),(WE)","Restaurant",1980,NA,NA,NA,"4/8/2020 5:39pm","7/23/2020 7:24pm","400 Sargent Dr. , New Haven, CT","-72.9201837","41.2945068","400 sargent dr, new haven, ct 06511, usa","Geocoded"
308,"M.C.C.","(2nd floor)","425 College St. ","New Haven","CT","","Church",1980,NA,NA,NA,"4/8/2020 5:39pm","7/23/2020 7:24pm","425 College St. , New Haven, CT","-72.9265643","41.3096282","425 college st, new haven, ct 06511, usa","Geocoded"
309,"Nobody's Fault ","(Unisex)(Disco)","334 Whalley Ave. ","New Haven","CT","(YC),(D),(B)","Bars/Clubs",1980,NA,NA,NA,"4/8/2020 5:39pm","7/23/2020 7:24pm","334 Whalley Ave. , New Haven, CT","-72.9441149","41.3169229","334 whalley ave, new haven, ct 06511, usa","Geocoded"
310,"Olympus Books ","('wild back room')","166 York St. ","New Haven","CT","(*)","Book Store",1980,NA,NA,NA,"4/8/2020 5:39pm","7/23/2020 7:24pm","166 York St. , New Haven, CT","-72.9321605","41.3080807","166 york st, new haven, ct 06511, usa","Geocoded"
311,"Parkway ","","1574 Chapel St. ","New Haven","CT","(M),(RT)","Bars/Clubs",1980,NA,NA,NA,"4/8/2020 5:39pm","7/23/2020 7:24pm","1574 Chapel St. , New Haven, CT","-72.9490555","41.3120663","1574 chapel st, new haven, ct 06511, usa","Geocoded"
312,"Partners ","(Disco)","365 Crown St. ","New Haven","CT","(*),(L),(D),(W),(YC),(HIP)","Bars/Clubs",1980,NA,NA,NA,"4/8/2020 5:39pm","7/23/2020 7:24pm","365 Crown St. , New Haven, CT","-72.9340374","41.30801","365 crown st, new haven, ct 06511, usa","Geocoded"
313,"Pub Cafe ","","168 York St. ","New Haven","CT","Cruisy Area,(*)","Cruising Areas,Bars/Clubs",1980,NA,NA,NA,"4/8/2020 5:39pm","7/23/2020 7:24pm","168 York St. , New Haven, CT","-72.932154","41.308158","168 york st, new haven, ct 06511, usa","Geocoded"
314,"Ricardo's Copa ","(Disco)","130 Crown St. at Church","New Haven","CT","(*),(YC),(D)","Bars/Clubs",1980,NA,NA,NA,"4/8/2020 5:39pm","7/23/2020 7:24pm","130 Crown St. at Church, New Haven, CT","-72.9265396","41.3045258","130 crown st, new haven, ct 06510, usa","Geocoded"
315,"Superbooks ","","1130 Chapel St. ","New Haven","CT","(*),(M)","Bars/Clubs",1980,NA,NA,NA,"4/8/2020 5:39pm","7/23/2020 7:24pm","1130 Chapel St. , New Haven, CT","-72.9318617","41.308374","1130 chapel st, new haven, ct 06511, usa","Geocoded"
319,"Frank's Place ","","9 Tilley St. at Bank ","New London","CT","(OC)","Bars/Clubs",1980,NA,NA,NA,"4/8/2020 5:39pm","7/23/2020 7:24pm","9 Tilley St. at Bank , New London, CT","-72.0975453","41.3510285","9 tilley st, new london, ct 06320, usa","Geocoded"
320,"Salty Dog","(Disco)","95 Pequot Ave. ","New London","CT","(*),(YC),(D)","Bars/Clubs",1980,NA,NA,NA,"4/8/2020 5:39pm","7/23/2020 7:24pm","95 Pequot Ave. , New London, CT","-72.1000971","41.3390739","95 pequot ave, new london, ct 06320, usa","Geocoded"
322,"Answer Cafe ","(Some L)( 4 mi. W. on US 7)","235 Dansbury Rd. ","New Milford","CT","(*),(R),(D),(L),(PT)","Restaurant",1980,NA,NA,NA,"4/8/2020 5:39pm","7/23/2020 7:24pm","235 Dansbury Rd. , New Milford, CT","-73.4209278","41.5439632","235 danbury rd, new milford, ct 06776, usa","Geocoded"
325,"Club Cafe ","","384 W. Main St. ","Waterbury","CT","(*),(D)","Bars/Clubs",1980,NA,NA,NA,"4/8/2020 5:39pm","7/23/2020 7:24pm","384 W. Main St. , Waterbury, CT","-73.0473","41.558052","384 w main st, waterbury, ct 06702, usa","Geocoded"
326,"The Brook Cafe ","(Don't miss if anywhere in the area)(Sunday afternoon Tea Dance- Summers)(U.S. 1) Exit 18 off I-95","919 Post Rd. E. ","Westport","CT","(*),(YC),(D),(L),(PT)","Bars/Clubs",1980,NA,NA,NA,"4/8/2020 5:39pm","7/23/2020 7:24pm","919 Post Rd. E. , Westport, CT","-73.3335309","41.1385827","919 post rd e, westport, ct 06880, usa","Geocoded"
327,"Vincent's Cafe ","","925 Post Road E. ","Westport","CT","(L),(D),(PT)","Bars/Clubs",1980,NA,NA,NA,"4/8/2020 5:39pm","7/23/2020 7:24pm","925 Post Road E. , Westport, CT","-73.3329661","41.138635","925 post rd e, westport, ct 06880, usa","Geocoded"
6,"Cedarbrook Inn","","U.S. Hwy. 1","Westport","CT","(G)","Bars/Clubs",1965,"checked",NA,"Considered the oldest gay bar in the US when it closed in 2010","3/30/2020 6:51pm","3/30/2020 6:57pm","U.S. Hwy. 1, CT","-73.333531","41.138583","unclear_coded_by_hand","Found"
9,"The Pines","","State Hwy 25","Newtown","CT","","Bars/Clubs",1966,"checked",NA,"","3/30/2020 6:51pm","3/30/2020 7:02pm","State Hwy 25, CT","-73.303566","41.414112","unclear_coded_by_hand","General Coordinates Used"
61,"Cedarbrook Inn","","U.S. Hwy. 1","Westport","CT","","Bars/Clubs",1966,"checked",NA,"Considered the oldest gay bar in the US when it closed in 2010","3/30/2020 7:02pm","3/30/2020 7:02pm","U.S. Hwy. 1, CT","-73.333531","41.138583","unclear_coded_by_hand","Found"
72,"Cedarbrook Inn","","U.S. Hwy. 1","Westport","CT","","Bars/Clubs",1968,"checked",NA,"Considered the oldest gay bar in the US when it closed in 2010","3/30/2020 7:10pm","3/30/2020 7:10pm","U.S. Hwy. 1, CT","-73.333531","41.138583","unclear_coded_by_hand","Found"
10,"Roaring 20's","","Church St.","Hartford","CT","(*)","Bars/Clubs",1968,"checked",NA,"","3/30/2020 6:51pm","3/30/2020 7:06pm","Church St., CT","-72.677757","41.76918","unclear_coded_by_hand","General Coordinates Used"
71,"The Pines","","State Hwy 25","Newtown","CT","","Bars/Clubs",1968,"checked",NA,"","3/30/2020 7:09pm","3/30/2020 7:09pm","State Hwy 25, CT","-73.303566","41.414112","unclear_coded_by_hand","General Coordinates Used"
11,"Trumbull Bar & Grill","(Maybe moving to Hotel Hartford on Church St.)","Trumbull & Church","Hartford","CT","(D),(*)","Bars/Clubs",1969,"checked",NA,"","3/30/2020 6:51pm","3/30/2020 7:22pm","Trumbull & Church, CT","-72.675381","41.768817","unclear_coded_by_hand","Found"
81,"Cedarbrook Inn","","U.S. Hwy. 1","Westport","CT","","Bars/Clubs",1969,"checked",NA,"Considered the oldest gay bar in the US when it closed in 2010","3/30/2020 7:17pm","3/30/2020 7:17pm","U.S. Hwy. 1, CT","-73.333531","41.138583","unclear_coded_by_hand","Found"
85,"Trumbull Bar & Grill","","Trumbull & Church","Hartford","CT","(D),(*)","Bars/Clubs",1970,"checked",NA,"","3/30/2020 7:21pm","3/30/2020 7:22pm","Trumbull & Church, CT","-72.675381","41.768817","unclear_coded_by_hand","Found"
25,"Gas Light","inquire locally","","Waterbury","CT","","Bars/Clubs",1971,"checked",NA,"","3/30/2020 6:51pm","4/6/2020 4:51pm",", CT","-73.040385","41.553126","unclear_coded_by_hand","Found"
179,"Gas Light","","42 Grand St.","Waterbury","CT","(D),(*)","Bars/Clubs",1972,"checked",NA,"","4/6/2020 5:08pm","4/6/2020 5:10pm","42 Grand St., CT","-73.040385","41.553126","unclear_coded_by_hand","Found"
28,"Constitution Plaza","","","Hartford","CT","","Cruising Areas",1972,"checked",NA,"","3/30/2020 6:51pm","4/6/2020 5:06pm",", CT","-72.67035","41.766818","unclear_coded_by_hand","Found"
27,"Asylum St.","","","Hartford","CT","","Cruising Areas",1972,"checked",NA,"","3/30/2020 6:51pm","4/6/2020 5:06pm",", CT","-72.700655","41.772385","unclear_coded_by_hand","Found"
184,"Asylum St.","","","Hartford","CT","","Cruising Areas",1973,"checked",NA,"","4/6/2020 5:25pm","4/6/2020 5:25pm",", CT","-72.700655","41.772385","unclear_coded_by_hand","Found"
187,"Constitution Plaza","","","Hartford","CT","","Cruising Areas",1973,"checked",NA,"","4/6/2020 5:33pm","4/6/2020 5:33pm",", CT","-72.67035","41.766818","unclear_coded_by_hand","Found"
30,"Loft","(after hours)(weekends) Across from Cinerama Theatre","Farmington Ave.","Hartford","CT","(C),(R),(YC),(HIP)","Restaurant",1973,"checked",NA,"","3/30/2020 6:51pm","4/6/2020 5:15pm","Farmington Ave., CT","-72.700112","41.767697","unclear_coded_by_hand","General Coordinates Used"
41,"Consitiution Park","","","Hartford","CT","","Cruising Areas",1974,"checked",NA,"","3/30/2020 6:51pm","4/6/2020 5:50pm",", CT","-72.67035","41.766818","unclear_coded_by_hand","Found"
40,"Asylum Ave.","","","Hartford","CT","","Cruising Areas",1974,"checked",NA,"","3/30/2020 6:51pm","4/6/2020 5:50pm",", CT","-72.700655","41.772385","unclear_coded_by_hand","Found"
221,"Consitiution Park","","","Hartford","CT","","Cruising Areas",1975,"checked",NA,"","4/6/2020 6:05pm","4/6/2020 6:05pm",", CT","-72.67035","41.766818","unclear_coded_by_hand","Found"
220,"Asylum Ave.","","","Hartford","CT","","Cruising Areas",1975,"checked",NA,"","4/6/2020 6:05pm","4/6/2020 6:05pm",", CT","-72.700655","41.772385","unclear_coded_by_hand","Found"
50,"Log Cabin","(burned- supposedly re-opening)","Route 25","Newtown","CT","","Bars/Clubs",1975,"checked",NA,"","3/30/2020 6:51pm","4/6/2020 6:11pm","Route 25, CT","-73.303566","41.414112","unclear_coded_by_hand","General Coordinates Used"
49,"Park Street near Chapel","","","New Haven","CT","","Cruising Areas",1975,"checked",NA,"","3/30/2020 6:51pm","4/6/2020 6:10pm",", CT","-72.931605","41.30848","unclear_coded_by_hand","Found"
108,"Chapel St. from York to Park Sts.","","","New Haven","CT","","Cruising Areas",1976,"checked",NA,"","4/6/2020 4:41pm","4/7/2020 1:31pm",", CT","-72.931605","41.30848","unclear_coded_by_hand","Found"
100,"Constitution Plaza","","","Hartford","CT","","Cruising Areas",1976,"checked",NA,"","4/6/2020 4:41pm","4/7/2020 1:25pm",", CT","-72.67035","41.766818","unclear_coded_by_hand","Found"
99,"Asylum Avenue","","","Hartford","CT","","Cruising Areas",1976,"checked",NA,"","4/6/2020 4:41pm","4/7/2020 1:25pm",", CT","-72.700655","41.772385","unclear_coded_by_hand","Found"
131,"Chapel Street from York to Park Street","","","New Haven","CT","","Cruising Areas",1977,"checked",NA,"","4/6/2020 4:41pm","4/7/2020 1:56pm",", CT","-72.931605","41.30848","unclear_coded_by_hand","Found"
123,"Asylum Avenue","","","Hartford","CT","","Cruising Areas",1977,"checked",NA,"","4/6/2020 4:41pm","4/7/2020 1:50pm",", CT","-72.700655","41.772385","unclear_coded_by_hand","Found"
124,"Consititution Plaza","","","Hartford","CT","","Cruising Areas",1977,"checked",NA,"","4/6/2020 4:41pm","4/7/2020 1:50pm",", CT","-72.67035","41.766818","unclear_coded_by_hand","Found"
235,"Chapel St. from York to Penn","","","New Haven","CT","","Cruising Areas",1978,"checked",NA,"","4/7/2020 2:02pm","4/7/2020 2:49pm",", CT","-72.931605","41.30848","unclear_coded_by_hand","Found"
243,"R.R. Station","","","Waterbury","CT","","Cruising Areas",1978,"checked",NA,"","4/7/2020 2:02pm","4/7/2020 2:52pm",", CT","-73.04705","41.554463","unclear_coded_by_hand","Found"
236,"Long Wharf 'Truck Stop'","off I-95","","New Haven","CT","","Cruising Areas",1978,"checked",NA,"","4/7/2020 2:02pm","4/7/2020 2:49pm",", CT","-72.92134","41.296815","unclear_coded_by_hand","General Coordinates Used"
245,"'Truck Stop' on I-95, exit 18","","","Westport","CT","","Cruising Areas",1978,"checked",NA,"","4/7/2020 2:02pm","4/7/2020 2:54pm",", CT","-73.358639","41.164325","unclear_coded_by_hand","Found"
157,"Pleasure Books","","Park St.","New Haven","CT","","Book Store",1978,"checked",NA,"","4/6/2020 4:41pm","4/7/2020 2:45pm","Park St., CT","-72.934208","41.30793","unclear_coded_by_hand","General Coordinates Used"
241,"Club Cafe","(Some G,D)","W. Main St.","Waterbury","CT","(YC),(G),(D),(*)","Bars/Clubs",1978,"checked",NA,"","4/7/2020 2:02pm","4/7/2020 2:52pm","W. Main St., CT","-73.054917","41.556965","unclear_coded_by_hand","General Coordinates Used"
242,"Library Park","","","Waterbury","CT","","Cruising Areas",1978,"checked",NA,"","4/7/2020 2:02pm","4/7/2020 2:52pm",", CT","-73.045324","41.554031","unclear_coded_by_hand","Found"
146,"Ryan's Deli","Civic Center Shopping Center","","Hartford","CT","(M),(R),(C),(AH)","Restaurant",1978,"checked",NA,"","4/6/2020 4:41pm","4/7/2020 2:35pm",", CT","-72.67617","41.768289","unclear_coded_by_hand","Found"
258,"Constitution Plaza","","","Hartford","CT","","Cruising Areas",1979,"checked",NA,"","4/7/2020 2:02pm","4/7/2020 3:50pm",", CT","-72.67035","41.766818","unclear_coded_by_hand","Found"
253,"Gay Switchboard","(2030 522-5575","","Hartford","CT","","Bars/Clubs",1979,"checked",NA,"","4/7/2020 2:02pm","4/7/2020 3:40pm",", CT","-72.673372","41.765804","unclear_coded_by_hand","General Coordinates Used"
260,"""The Dikes""","East-West Service Rd. off I-91 N.","","Hartford","CT","","Cruising Areas",1979,"checked",NA,"","4/7/2020 2:02pm","4/7/2020 3:50pm",", CT","-72.667475","41.763964","unclear_coded_by_hand","General Coordinates Used"
248,"'Rest Stops' on I-95","nr. Darien, Milford, & Fairfield","","Bridgeport","CT","","Cruising Areas",1979,"checked",NA,"","4/7/2020 2:02pm","4/7/2020 3:33pm",", CT","-73.189438","41.179226","unclear_coded_by_hand","General Coordinates Used"
259,"Garden St.","(HOT)","","Hartford","CT","","Cruising Areas",1979,"checked",NA,"","4/7/2020 2:02pm","4/7/2020 3:50pm",", CT","-72.684129","41.768159","unclear_coded_by_hand","Found"
261,"""The Glens""","'Rest stop' on Rte. 15, 1 mi. S of Jct. I-91","","Meriden","CT","(AYOR)","Cruising Areas",1979,"checked",NA,"","4/7/2020 2:02pm","4/7/2020 3:50pm",", CT","-72.807043","41.538154","unclear_coded_by_hand","General Coordinates Used"
272,"Howard Johnson's Truck Stops on I-95","(all thru Conn.)","","New Haven","CT","","Cruising Areas",1979,"checked",NA,"","4/8/2020 5:39pm","4/8/2020 5:57pm",", CT","-72.930326","41.284533","unclear_coded_by_hand","General Coordinates Used"
273,"Long Wharf Truck Stop off I-95","","","New Haven","CT","","Cruising Areas",1979,"checked",NA,"","4/8/2020 5:39pm","4/8/2020 5:57pm",", CT","-72.92134","41.296815","unclear_coded_by_hand","General Coordinates Used"
277,"Y.M.C.A","'Bunk Room' Downtown","","New London","CT","","Cruising Areas",1979,"checked",NA,"","4/8/2020 5:39pm","4/8/2020 6:00pm",", CT","-72.099521","41.355654","unclear_coded_by_hand","General Coordinates Used"
280,"Sherwood Isle St. Park","W. Beach- far end (summers) I-95, exit 18","","Westport","CT","","Cruising Areas",1979,"checked",NA,"","4/8/2020 5:39pm","4/8/2020 6:04pm",", CT","-73.332136","41.116614","unclear_coded_by_hand","Found"
271,"Chapel St. from York to Ark","","","New Haven","CT","","Cruising Areas",1979,"checked",NA,"","4/8/2020 5:39pm","4/8/2020 5:47pm",", CT","-72.931605","41.30848","unclear_coded_by_hand","Found"
281,"'Truck Stop' on I-95, exit 18","","","Westport","CT","","Cruising Areas",1979,"checked",NA,"","4/8/2020 5:39pm","4/8/2020 6:04pm",", CT","-73.358639","41.164325","unclear_coded_by_hand","Found"
286,"West Farms Mall","","","Farmington","CT","","Cruising Areas",1980,"checked",NA,"","4/8/2020 5:39pm","4/8/2020 6:12pm",", CT","-72.763237","41.722862","unclear_coded_by_hand","Found"
299,"Bushnall Park","","","Hartford","CT","","Cruising Areas",1980,"checked",NA,"","4/8/2020 5:39pm","4/8/2020 6:26pm",", CT","-72.679236","41.765134","unclear_coded_by_hand","Found"
306,"Club New Haven","(CBC Baths- may be opening soon, inquire locally)","","New Haven","CT","","Bars/Clubs",1980,"checked",NA,"","4/8/2020 5:39pm","4/8/2020 6:35pm",", CT","-72.927883","41.308274","unclear_coded_by_hand","General Coordinates Used"
305,"Burritt Hotel Bar & T-Room","","W. Main & Washington","New Britain","CT","","Cruising Areas",1980,"checked",NA,"","4/8/2020 5:39pm","4/8/2020 6:33pm","W. Main & Washington, CT","-72.783418","41.667435","unclear_coded_by_hand","Found"
318,"Long Wharf Truck Stop off I-95","","","New Haven","CT","","Cruising Areas",1980,"checked",NA,"","4/8/2020 5:39pm","4/9/2020 3:50pm",", CT","-72.92134","41.296815","unclear_coded_by_hand","General Coordinates Used"
303,"'The Glens'","'Rest Stop' on Rte. 15, 1 mi. S. of Jct. I-91","","Meriden","CT","(AYOR)","Cruising Areas",1980,"checked",NA,"","4/8/2020 5:39pm","4/8/2020 6:30pm",", CT","-72.807043","41.538154","unclear_coded_by_hand","General Coordinates Used"
323,"Gay Alliance Switchboard","(203) 889-7530","","Norwich","CT","","Bars/Clubs",1980,"checked",NA,"","4/8/2020 5:39pm","4/9/2020 3:54pm",", CT","-72.07591","41.524265","unclear_coded_by_hand","General Coordinates Used"
324,"'Rest Stop' on Rte. 15","","Wilbur Cross Pwky E.","Orange","CT","","Cruising Areas",1980,"checked",NA,"","4/8/2020 5:39pm","4/9/2020 4:01pm","Wilbur Cross Pwky E., CT","-73.047377","41.281021","unclear_coded_by_hand","General Coordinates Used"
284,"'Rest Stops' on I-95","nr. Darien, Milford, & Fairfield","","Bridgeport","CT","","Cruising Areas",1980,"checked",NA,"","4/8/2020 5:39pm","4/8/2020 6:10pm",", CT","-73.189438","41.179226","unclear_coded_by_hand","General Coordinates Used"
285,"'Rest Stop' on Rt. 6","nr. Stealy Tool Co.","","Bristol","CT","","Cruising Areas",1980,"checked",NA,"","4/8/2020 5:39pm","4/8/2020 6:10pm",", CT","-72.94927","41.671765","unclear_coded_by_hand","General Coordinates Used"
328,"Sherwood Isle St. Park","E. Beach- far end (Summers) I-95, exit 18","","Westport","CT","","Cruising Areas",1980,"checked",NA,"","4/8/2020 5:39pm","4/9/2020 4:07pm",", CT","-73.332136","41.116614","unclear_coded_by_hand","Found"
321,"Y.M.C.A. 'Bunk Room' Downtown","","","New London","CT","","Cruising Areas",1980,"checked",NA,"","4/8/2020 5:39pm","4/9/2020 3:52pm",", CT","-72.099521","41.355654","unclear_coded_by_hand","General Coordinates Used"
317,"Howard Johnson's Truck Stops on I-95","(all thru Conn.)","","New Haven","CT","","Cruising Areas",1980,"checked",NA,"","4/8/2020 5:39pm","4/9/2020 3:50pm",", CT","-72.930326","41.284533","unclear_coded_by_hand","General Coordinates Used"
300,"Consititution Plaza","","","Hartford","CT","","Cruising Areas",1980,"checked",NA,"","4/8/2020 5:39pm","4/8/2020 6:26pm",", CT","-72.67035","41.766818","unclear_coded_by_hand","Found"
316,"Chapel St. from York to Ark","","","New Haven","CT","","Cruising Areas",1980,"checked",NA,"","4/8/2020 5:39pm","4/9/2020 3:49pm",", CT","-72.931605","41.30848","unclear_coded_by_hand","Found"
304,"Oasis","Inquire locally (Disco)","","New Britain","CT","(D)","Bars/Clubs",1980,"checked",NA,"","4/8/2020 5:39pm","4/8/2020 6:33pm",", CT","-72.779542","41.66121","unclear_coded_by_hand","General Coordinates Used"
302,"'The Dikes'","East-West Service Rd. off I-91 N.","","Hartford","CT","","Cruising Areas",1980,"checked",NA,"","4/8/2020 5:39pm","4/8/2020 6:26pm",", CT","-72.667475","41.763964","unclear_coded_by_hand","General Coordinates Used"
292,"Gay Switchboard","(203) 522-5575","","Hartford","CT","","Bars/Clubs",1980,"checked",NA,"","4/8/2020 5:39pm","4/8/2020 6:18pm",", CT","-72.673372","41.765804","unclear_coded_by_hand","General Coordinates Used"
301,"Garden St.","nr. Asylum St.","","Hartford","CT","(AYOR),(*)","Cruising Areas",1980,"checked",NA,"","4/8/2020 5:39pm","4/8/2020 6:26pm",", CT","-72.684129","41.768159","unclear_coded_by_hand","Found"
